customer_id,items_comprados,items_devueltos,return_rate
1,57,2,0.03508771929824561
2,64,6,0.09375
3,72,5,0.06944444444444445
4,28,2,0.07142857142857142
5,54,4,0.07407407407407407
6,47,3,0.06382978723404255
7,45,1,0.022222222222222223
8,50,1,0.02
9,37,1,0.02702702702702703
10,40,3,0.075
11,37,2,0.05405405405405406
12,60,4,0.06666666666666667
13,43,1,0.023255813953488372
14,57,0,0.0
15,18,0,0.0
16,47,4,0.0851063829787234
17,39,4,0.10256410256410256
18,49,0,0.0
19,56,4,0.07142857142857142
20,49,4,0.08163265306122448
21,55,1,0.01818181818181818
22,57,6,0.10526315789473684
23,54,3,0.05555555555555555
24,47,1,0.02127659574468085
25,64,3,0.046875
26,73,4,0.0547945205479452
27,61,2,0.03278688524590164
28,32,1,0.03125
29,37,6,0.16216216216216217
30,48,1,0.020833333333333332
31,65,3,0.046153846153846156
32,67,5,0.07462686567164178
33,40,0,0.0
34,64,3,0.046875
35,58,2,0.034482758620689655
36,44,6,0.13636363636363635
37,45,2,0.044444444444444446
38,38,2,0.05263157894736842
39,28,0,0.0
40,35,1,0.02857142857142857
41,33,1,0.030303030303030304
42,65,3,0.046153846153846156
43,53,3,0.05660377358490566
44,66,2,0.030303030303030304
45,46,0,0.0
46,52,3,0.057692307692307696
47,56,2,0.03571428571428571
48,44,3,0.06818181818181818
49,51,1,0.0196078431372549
50,55,6,0.10909090909090909
51,43,5,0.11627906976744186
52,39,1,0.02564102564102564
53,60,3,0.05
54,30,3,0.1
55,37,3,0.08108108108108109
56,54,1,0.018518518518518517
57,58,5,0.08620689655172414
58,63,5,0.07936507936507936
59,61,2,0.03278688524590164
60,44,2,0.045454545454545456
61,39,3,0.07692307692307693
62,45,2,0.044444444444444446
63,56,1,0.017857142857142856
64,60,4,0.06666666666666667
65,48,1,0.020833333333333332
66,40,3,0.075
67,50,6,0.12
68,28,4,0.14285714285714285
69,59,3,0.05084745762711865
70,54,2,0.037037037037037035
71,31,2,0.06451612903225806
72,78,5,0.0641025641025641
73,38,0,0.0
74,32,3,0.09375
75,46,4,0.08695652173913043
76,53,2,0.03773584905660377
77,38,2,0.05263157894736842
78,32,2,0.0625
79,33,2,0.06060606060606061
80,51,3,0.058823529411764705
81,52,1,0.019230769230769232
82,56,4,0.07142857142857142
83,66,4,0.06060606060606061
84,62,4,0.06451612903225806
85,55,3,0.05454545454545454
86,43,2,0.046511627906976744
87,33,0,0.0
88,53,7,0.1320754716981132
89,49,1,0.02040816326530612
90,59,2,0.03389830508474576
91,39,1,0.02564102564102564
92,42,2,0.047619047619047616
93,58,3,0.05172413793103448
94,53,4,0.07547169811320754
95,48,1,0.020833333333333332
96,67,4,0.05970149253731343
97,53,3,0.05660377358490566
98,77,5,0.06493506493506493
99,37,2,0.05405405405405406
100,50,6,0.12
101,40,1,0.025
102,59,2,0.03389830508474576
103,50,1,0.02
104,41,0,0.0
105,59,1,0.01694915254237288
106,50,3,0.06
107,49,2,0.04081632653061224
108,53,2,0.03773584905660377
109,61,1,0.01639344262295082
110,59,2,0.03389830508474576
111,60,3,0.05
112,57,5,0.08771929824561403
113,40,1,0.025
114,43,2,0.046511627906976744
115,43,6,0.13953488372093023
116,49,2,0.04081632653061224
117,64,4,0.0625
118,62,5,0.08064516129032258
119,31,2,0.06451612903225806
120,25,4,0.16
121,61,1,0.01639344262295082
122,48,2,0.041666666666666664
123,53,3,0.05660377358490566
124,45,2,0.044444444444444446
125,61,5,0.08196721311475409
126,42,0,0.0
127,41,1,0.024390243902439025
128,58,4,0.06896551724137931
129,45,2,0.044444444444444446
130,51,2,0.0392156862745098
131,39,1,0.02564102564102564
132,42,0,0.0
133,50,1,0.02
134,61,3,0.04918032786885246
135,46,2,0.043478260869565216
136,55,4,0.07272727272727272
137,67,1,0.014925373134328358
138,48,0,0.0
139,40,3,0.075
140,83,5,0.060240963855421686
141,68,1,0.014705882352941176
142,52,4,0.07692307692307693
143,41,1,0.024390243902439025
144,43,3,0.06976744186046512
145,40,2,0.05
146,54,5,0.09259259259259259
147,52,4,0.07692307692307693
148,73,1,0.0136986301369863
149,63,4,0.06349206349206349
150,33,2,0.06060606060606061
151,24,1,0.041666666666666664
152,61,3,0.04918032786885246
153,53,3,0.05660377358490566
154,44,3,0.06818181818181818
155,45,2,0.044444444444444446
156,58,1,0.017241379310344827
157,50,3,0.06
158,59,5,0.0847457627118644
159,41,2,0.04878048780487805
160,40,3,0.075
161,54,1,0.018518518518518517
162,61,5,0.08196721311475409
163,79,3,0.0379746835443038
164,51,3,0.058823529411764705
165,55,1,0.01818181818181818
166,62,2,0.03225806451612903
167,39,6,0.15384615384615385
168,60,7,0.11666666666666667
169,27,2,0.07407407407407407
170,30,1,0.03333333333333333
171,66,3,0.045454545454545456
172,33,3,0.09090909090909091
173,48,2,0.041666666666666664
174,47,4,0.0851063829787234
175,71,0,0.0
176,42,0,0.0
177,60,2,0.03333333333333333
178,46,3,0.06521739130434782
179,43,3,0.06976744186046512
180,49,1,0.02040816326530612
181,64,6,0.09375
182,69,2,0.028985507246376812
183,97,6,0.061855670103092786
184,47,0,0.0
185,27,2,0.07407407407407407
186,42,2,0.047619047619047616
187,71,3,0.04225352112676056
188,42,4,0.09523809523809523
189,50,2,0.04
190,42,0,0.0
191,71,1,0.014084507042253521
192,54,1,0.018518518518518517
193,43,4,0.09302325581395349
194,40,3,0.075
195,66,2,0.030303030303030304
196,48,0,0.0
197,42,3,0.07142857142857142
198,82,6,0.07317073170731707
199,32,0,0.0
200,32,0,0.0
201,63,2,0.031746031746031744
202,64,2,0.03125
203,52,3,0.057692307692307696
204,49,3,0.061224489795918366
205,34,1,0.029411764705882353
206,32,4,0.125
207,58,4,0.06896551724137931
208,57,2,0.03508771929824561
209,31,1,0.03225806451612903
210,53,3,0.05660377358490566
211,51,1,0.0196078431372549
212,86,2,0.023255813953488372
213,51,2,0.0392156862745098
214,79,6,0.0759493670886076
215,42,3,0.07142857142857142
216,48,5,0.10416666666666667
217,75,2,0.02666666666666667
218,46,5,0.10869565217391304
219,52,2,0.038461538461538464
220,57,1,0.017543859649122806
221,41,3,0.07317073170731707
222,60,5,0.08333333333333333
223,43,1,0.023255813953488372
224,46,1,0.021739130434782608
225,58,5,0.08620689655172414
226,64,4,0.0625
227,48,0,0.0
228,81,2,0.024691358024691357
229,63,2,0.031746031746031744
230,63,2,0.031746031746031744
231,62,3,0.04838709677419355
232,50,5,0.1
233,64,1,0.015625
234,54,2,0.037037037037037035
235,42,4,0.09523809523809523
236,38,2,0.05263157894736842
237,43,1,0.023255813953488372
238,51,5,0.09803921568627451
239,49,0,0.0
240,55,2,0.03636363636363636
241,59,6,0.1016949152542373
242,44,1,0.022727272727272728
243,36,0,0.0
244,58,4,0.06896551724137931
245,50,4,0.08
246,51,2,0.0392156862745098
247,59,2,0.03389830508474576
248,49,4,0.08163265306122448
249,72,5,0.06944444444444445
250,57,3,0.05263157894736842
251,66,2,0.030303030303030304
252,38,2,0.05263157894736842
253,57,3,0.05263157894736842
254,51,3,0.058823529411764705
255,42,3,0.07142857142857142
256,53,4,0.07547169811320754
257,31,0,0.0
258,38,3,0.07894736842105263
259,66,1,0.015151515151515152
260,40,1,0.025
261,51,5,0.09803921568627451
262,48,3,0.0625
263,49,3,0.061224489795918366
264,63,4,0.06349206349206349
265,74,5,0.06756756756756757
266,34,1,0.029411764705882353
267,55,2,0.03636363636363636
268,43,4,0.09302325581395349
269,64,3,0.046875
270,63,3,0.047619047619047616
271,60,2,0.03333333333333333
272,62,6,0.0967741935483871
273,40,1,0.025
274,22,2,0.09090909090909091
275,53,4,0.07547169811320754
276,38,2,0.05263157894736842
277,38,1,0.02631578947368421
278,43,3,0.06976744186046512
279,63,3,0.047619047619047616
280,51,2,0.0392156862745098
281,46,2,0.043478260869565216
282,49,1,0.02040816326530612
283,49,2,0.04081632653061224
284,62,2,0.03225806451612903
285,63,1,0.015873015873015872
286,29,2,0.06896551724137931
287,62,4,0.06451612903225806
288,62,3,0.04838709677419355
289,61,3,0.04918032786885246
290,60,1,0.016666666666666666
291,59,2,0.03389830508474576
292,45,2,0.044444444444444446
293,61,0,0.0
294,44,3,0.06818181818181818
295,69,5,0.07246376811594203
296,70,2,0.02857142857142857
297,32,1,0.03125
298,38,1,0.02631578947368421
299,40,2,0.05
300,56,1,0.017857142857142856
301,75,5,0.06666666666666667
302,44,1,0.022727272727272728
303,49,4,0.08163265306122448
304,65,4,0.06153846153846154
305,50,3,0.06
306,71,6,0.08450704225352113
307,48,1,0.020833333333333332
308,42,1,0.023809523809523808
309,40,4,0.1
310,59,2,0.03389830508474576
311,54,1,0.018518518518518517
312,36,1,0.027777777777777776
313,71,2,0.028169014084507043
314,52,1,0.019230769230769232
315,41,4,0.0975609756097561
316,45,1,0.022222222222222223
317,35,1,0.02857142857142857
318,40,3,0.075
319,56,1,0.017857142857142856
320,52,1,0.019230769230769232
321,45,3,0.06666666666666667
322,54,4,0.07407407407407407
323,61,4,0.06557377049180328
324,47,2,0.0425531914893617
325,59,5,0.0847457627118644
326,48,0,0.0
327,54,3,0.05555555555555555
328,60,6,0.1
329,34,2,0.058823529411764705
330,52,5,0.09615384615384616
331,72,6,0.08333333333333333
332,52,3,0.057692307692307696
333,56,1,0.017857142857142856
334,44,1,0.022727272727272728
335,57,4,0.07017543859649122
336,48,3,0.0625
337,55,2,0.03636363636363636
338,55,2,0.03636363636363636
339,67,3,0.04477611940298507
340,31,4,0.12903225806451613
341,48,0,0.0
342,75,8,0.10666666666666667
343,86,4,0.046511627906976744
344,46,0,0.0
345,53,2,0.03773584905660377
346,58,5,0.08620689655172414
347,47,4,0.0851063829787234
348,34,2,0.058823529411764705
349,35,2,0.05714285714285714
350,60,3,0.05
351,53,5,0.09433962264150944
352,59,5,0.0847457627118644
353,61,4,0.06557377049180328
354,30,2,0.06666666666666667
355,42,2,0.047619047619047616
356,48,1,0.020833333333333332
357,54,2,0.037037037037037035
358,30,0,0.0
359,39,0,0.0
360,41,4,0.0975609756097561
361,37,1,0.02702702702702703
362,24,0,0.0
363,39,2,0.05128205128205128
364,62,1,0.016129032258064516
365,37,2,0.05405405405405406
366,70,5,0.07142857142857142
367,38,2,0.05263157894736842
368,43,1,0.023255813953488372
369,33,2,0.06060606060606061
370,46,6,0.13043478260869565
371,61,1,0.01639344262295082
372,55,4,0.07272727272727272
373,75,6,0.08
374,49,1,0.02040816326530612
375,53,1,0.018867924528301886
376,69,4,0.057971014492753624
377,32,1,0.03125
378,51,4,0.0784313725490196
379,57,3,0.05263157894736842
380,68,5,0.07352941176470588
381,50,0,0.0
382,27,0,0.0
383,55,0,0.0
384,70,4,0.05714285714285714
385,43,0,0.0
386,50,4,0.08
387,46,2,0.043478260869565216
388,51,4,0.0784313725490196
389,36,0,0.0
390,52,4,0.07692307692307693
391,37,1,0.02702702702702703
392,49,4,0.08163265306122448
393,63,5,0.07936507936507936
394,73,3,0.0410958904109589
395,54,3,0.05555555555555555
396,50,3,0.06
397,43,2,0.046511627906976744
398,30,3,0.1
399,34,2,0.058823529411764705
400,41,2,0.04878048780487805
401,65,3,0.046153846153846156
402,50,2,0.04
403,42,1,0.023809523809523808
404,61,6,0.09836065573770492
405,29,0,0.0
406,54,4,0.07407407407407407
407,33,0,0.0
408,53,2,0.03773584905660377
409,49,4,0.08163265306122448
410,36,1,0.027777777777777776
411,34,0,0.0
412,53,1,0.018867924528301886
413,42,3,0.07142857142857142
414,46,0,0.0
415,45,3,0.06666666666666667
416,42,3,0.07142857142857142
417,67,3,0.04477611940298507
418,63,4,0.06349206349206349
419,69,1,0.014492753623188406
420,63,2,0.031746031746031744
421,52,3,0.057692307692307696
422,36,1,0.027777777777777776
423,45,0,0.0
424,37,5,0.13513513513513514
425,63,2,0.031746031746031744
426,37,1,0.02702702702702703
427,36,0,0.0
428,36,3,0.08333333333333333
429,27,1,0.037037037037037035
430,44,4,0.09090909090909091
431,37,1,0.02702702702702703
432,46,6,0.13043478260869565
433,56,4,0.07142857142857142
434,39,3,0.07692307692307693
435,45,4,0.08888888888888889
436,55,4,0.07272727272727272
437,47,2,0.0425531914893617
438,51,0,0.0
439,49,1,0.02040816326530612
440,45,2,0.044444444444444446
441,44,6,0.13636363636363635
442,41,1,0.024390243902439025
443,44,1,0.022727272727272728
444,36,1,0.027777777777777776
445,40,2,0.05
446,35,2,0.05714285714285714
447,56,2,0.03571428571428571
448,68,4,0.058823529411764705
449,45,0,0.0
450,47,2,0.0425531914893617
451,34,1,0.029411764705882353
452,34,2,0.058823529411764705
453,39,2,0.05128205128205128
454,56,1,0.017857142857142856
455,54,4,0.07407407407407407
456,83,5,0.060240963855421686
457,53,2,0.03773584905660377
458,43,2,0.046511627906976744
459,55,1,0.01818181818181818
460,63,2,0.031746031746031744
461,51,3,0.058823529411764705
462,54,4,0.07407407407407407
463,44,2,0.045454545454545456
464,60,3,0.05
465,52,3,0.057692307692307696
466,26,0,0.0
467,51,2,0.0392156862745098
468,73,4,0.0547945205479452
469,38,3,0.07894736842105263
470,47,3,0.06382978723404255
471,51,0,0.0
472,57,2,0.03508771929824561
473,29,1,0.034482758620689655
474,61,4,0.06557377049180328
475,59,2,0.03389830508474576
476,75,2,0.02666666666666667
477,36,1,0.027777777777777776
478,38,1,0.02631578947368421
479,44,1,0.022727272727272728
480,59,1,0.01694915254237288
481,65,1,0.015384615384615385
482,48,1,0.020833333333333332
483,34,3,0.08823529411764706
484,53,2,0.03773584905660377
485,59,4,0.06779661016949153
486,45,3,0.06666666666666667
487,59,6,0.1016949152542373
488,36,2,0.05555555555555555
489,21,1,0.047619047619047616
490,49,4,0.08163265306122448
491,44,1,0.022727272727272728
492,50,0,0.0
493,56,2,0.03571428571428571
494,41,0,0.0
495,55,2,0.03636363636363636
496,57,4,0.07017543859649122
497,46,2,0.043478260869565216
498,68,0,0.0
499,61,8,0.13114754098360656
500,82,2,0.024390243902439025
501,46,2,0.043478260869565216
502,57,1,0.017543859649122806
503,27,2,0.07407407407407407
504,56,3,0.05357142857142857
505,48,3,0.0625
506,54,3,0.05555555555555555
507,47,2,0.0425531914893617
508,58,5,0.08620689655172414
509,61,2,0.03278688524590164
510,47,5,0.10638297872340426
511,42,2,0.047619047619047616
512,57,3,0.05263157894736842
513,31,2,0.06451612903225806
514,41,2,0.04878048780487805
515,28,0,0.0
516,35,2,0.05714285714285714
517,52,2,0.038461538461538464
518,63,4,0.06349206349206349
519,35,0,0.0
520,34,2,0.058823529411764705
521,60,4,0.06666666666666667
522,49,0,0.0
523,56,3,0.05357142857142857
524,52,4,0.07692307692307693
525,46,2,0.043478260869565216
526,40,1,0.025
527,43,1,0.023255813953488372
528,58,2,0.034482758620689655
529,51,7,0.13725490196078433
530,52,2,0.038461538461538464
531,51,2,0.0392156862745098
532,64,3,0.046875
533,32,2,0.0625
534,44,4,0.09090909090909091
535,61,6,0.09836065573770492
536,63,3,0.047619047619047616
537,38,1,0.02631578947368421
538,72,4,0.05555555555555555
539,36,0,0.0
540,57,4,0.07017543859649122
541,46,5,0.10869565217391304
542,73,5,0.0684931506849315
543,50,1,0.02
544,21,1,0.047619047619047616
545,67,5,0.07462686567164178
546,27,2,0.07407407407407407
547,48,3,0.0625
548,33,5,0.15151515151515152
549,51,3,0.058823529411764705
550,50,3,0.06
551,33,3,0.09090909090909091
552,45,2,0.044444444444444446
553,35,1,0.02857142857142857
554,50,2,0.04
555,25,1,0.04
556,29,1,0.034482758620689655
557,65,1,0.015384615384615385
558,47,1,0.02127659574468085
559,69,4,0.057971014492753624
560,52,0,0.0
561,40,3,0.075
562,37,3,0.08108108108108109
563,33,1,0.030303030303030304
564,55,7,0.12727272727272726
565,75,5,0.06666666666666667
566,62,0,0.0
567,54,3,0.05555555555555555
568,50,1,0.02
569,47,5,0.10638297872340426
570,42,2,0.047619047619047616
571,54,3,0.05555555555555555
572,53,4,0.07547169811320754
573,36,3,0.08333333333333333
574,67,2,0.029850746268656716
575,49,2,0.04081632653061224
576,47,3,0.06382978723404255
577,56,2,0.03571428571428571
578,53,2,0.03773584905660377
579,52,1,0.019230769230769232
580,50,2,0.04
581,46,1,0.021739130434782608
582,47,0,0.0
583,30,0,0.0
584,44,4,0.09090909090909091
585,27,2,0.07407407407407407
586,48,3,0.0625
587,51,1,0.0196078431372549
588,49,4,0.08163265306122448
589,67,4,0.05970149253731343
590,64,3,0.046875
591,67,3,0.04477611940298507
592,64,3,0.046875
593,61,4,0.06557377049180328
594,22,1,0.045454545454545456
595,38,4,0.10526315789473684
596,51,3,0.058823529411764705
597,38,1,0.02631578947368421
598,43,3,0.06976744186046512
599,51,4,0.0784313725490196
600,40,3,0.075
601,39,0,0.0
602,55,5,0.09090909090909091
603,52,4,0.07692307692307693
604,44,2,0.045454545454545456
605,48,2,0.041666666666666664
606,54,2,0.037037037037037035
607,56,3,0.05357142857142857
608,44,1,0.022727272727272728
609,56,1,0.017857142857142856
610,60,3,0.05
611,52,4,0.07692307692307693
612,53,5,0.09433962264150944
613,52,2,0.038461538461538464
614,43,0,0.0
615,36,1,0.027777777777777776
616,56,2,0.03571428571428571
617,31,0,0.0
618,66,3,0.045454545454545456
619,58,0,0.0
620,32,1,0.03125
621,56,3,0.05357142857142857
622,50,2,0.04
623,44,4,0.09090909090909091
624,55,4,0.07272727272727272
625,48,3,0.0625
626,48,5,0.10416666666666667
627,43,3,0.06976744186046512
628,61,1,0.01639344262295082
629,64,5,0.078125
630,60,6,0.1
631,55,2,0.03636363636363636
632,48,2,0.041666666666666664
633,46,1,0.021739130434782608
634,38,1,0.02631578947368421
635,36,3,0.08333333333333333
636,47,2,0.0425531914893617
637,30,1,0.03333333333333333
638,73,4,0.0547945205479452
639,43,1,0.023255813953488372
640,48,2,0.041666666666666664
641,51,1,0.0196078431372549
642,72,4,0.05555555555555555
643,57,6,0.10526315789473684
644,50,3,0.06
645,62,1,0.016129032258064516
646,51,2,0.0392156862745098
647,40,3,0.075
648,44,2,0.045454545454545456
649,57,5,0.08771929824561403
650,36,3,0.08333333333333333
651,60,2,0.03333333333333333
652,58,3,0.05172413793103448
653,42,4,0.09523809523809523
654,55,4,0.07272727272727272
655,53,3,0.05660377358490566
656,67,4,0.05970149253731343
657,59,1,0.01694915254237288
658,47,3,0.06382978723404255
659,55,3,0.05454545454545454
660,55,2,0.03636363636363636
661,49,7,0.14285714285714285
662,56,3,0.05357142857142857
663,47,2,0.0425531914893617
664,50,2,0.04
665,74,7,0.0945945945945946
666,44,1,0.022727272727272728
667,40,1,0.025
668,54,1,0.018518518518518517
669,36,2,0.05555555555555555
670,52,5,0.09615384615384616
671,59,7,0.11864406779661017
672,29,0,0.0
673,32,0,0.0
674,46,2,0.043478260869565216
675,64,2,0.03125
676,45,2,0.044444444444444446
677,39,2,0.05128205128205128
678,48,2,0.041666666666666664
679,45,3,0.06666666666666667
680,67,6,0.08955223880597014
681,52,4,0.07692307692307693
682,50,1,0.02
683,42,2,0.047619047619047616
684,44,4,0.09090909090909091
685,41,1,0.024390243902439025
686,47,1,0.02127659574468085
687,66,2,0.030303030303030304
688,55,1,0.01818181818181818
689,53,1,0.018867924528301886
690,41,0,0.0
691,50,2,0.04
692,37,1,0.02702702702702703
693,68,2,0.029411764705882353
694,67,3,0.04477611940298507
695,57,2,0.03508771929824561
696,48,1,0.020833333333333332
697,48,5,0.10416666666666667
698,43,4,0.09302325581395349
699,60,3,0.05
700,50,5,0.1
701,36,0,0.0
702,63,2,0.031746031746031744
703,45,3,0.06666666666666667
704,36,1,0.027777777777777776
705,41,2,0.04878048780487805
706,56,2,0.03571428571428571
707,30,3,0.1
708,52,2,0.038461538461538464
709,54,5,0.09259259259259259
710,37,2,0.05405405405405406
711,38,2,0.05263157894736842
712,50,2,0.04
713,38,2,0.05263157894736842
714,39,1,0.02564102564102564
715,44,2,0.045454545454545456
716,46,1,0.021739130434782608
717,52,1,0.019230769230769232
718,69,6,0.08695652173913043
719,73,1,0.0136986301369863
720,60,2,0.03333333333333333
721,65,2,0.03076923076923077
722,39,1,0.02564102564102564
723,66,4,0.06060606060606061
724,43,1,0.023255813953488372
725,59,2,0.03389830508474576
726,51,1,0.0196078431372549
727,39,2,0.05128205128205128
728,47,1,0.02127659574468085
729,60,1,0.016666666666666666
730,46,0,0.0
731,49,2,0.04081632653061224
732,64,3,0.046875
733,61,1,0.01639344262295082
734,56,2,0.03571428571428571
735,41,3,0.07317073170731707
736,42,0,0.0
737,38,3,0.07894736842105263
738,36,1,0.027777777777777776
739,48,2,0.041666666666666664
740,23,1,0.043478260869565216
741,43,1,0.023255813953488372
742,41,2,0.04878048780487805
743,67,3,0.04477611940298507
744,53,4,0.07547169811320754
745,66,4,0.06060606060606061
746,47,4,0.0851063829787234
747,51,2,0.0392156862745098
748,48,1,0.020833333333333332
749,57,2,0.03508771929824561
750,87,6,0.06896551724137931
753,1,0,0.0
754,1,0,0.0
755,1,0,0.0
756,1,0,0.0
757,1,0,0.0
758,1,0,0.0
759,1,0,0.0
760,1,0,0.0
761,1,1,1.0
762,1,0,0.0
763,1,1,1.0
764,1,0,0.0
765,1,0,0.0
766,1,0,0.0
767,1,0,0.0
768,1,0,0.0
769,1,0,0.0
770,1,0,0.0
771,1,0,0.0
772,1,0,0.0
773,1,0,0.0
774,1,0,0.0
775,1,0,0.0
776,1,0,0.0
777,1,0,0.0
778,1,0,0.0
779,1,0,0.0
780,1,0,0.0
781,1,0,0.0
782,1,0,0.0
783,1,0,0.0
784,1,0,0.0
785,1,0,0.0
786,1,0,0.0
787,1,0,0.0
788,1,0,0.0
789,1,0,0.0
790,1,0,0.0
791,1,0,0.0
792,1,0,0.0
793,1,0,0.0
794,1,0,0.0
795,1,0,0.0
796,1,0,0.0
797,1,0,0.0
798,1,0,0.0
799,1,0,0.0
800,1,1,1.0
801,1,0,0.0
802,1,0,0.0
803,1,0,0.0
804,1,0,0.0
805,1,0,0.0
806,1,0,0.0
807,1,0,0.0
808,1,0,0.0
809,1,0,0.0
810,1,0,0.0
811,1,0,0.0
812,1,0,0.0
813,1,0,0.0
814,1,0,0.0
815,1,0,0.0
816,1,0,0.0
817,1,0,0.0
818,1,0,0.0
819,1,0,0.0
820,1,0,0.0
821,1,0,0.0
822,1,0,0.0
823,1,1,1.0
824,1,0,0.0
825,1,0,0.0
826,1,0,0.0
827,1,0,0.0
828,1,0,0.0
829,1,0,0.0
830,1,0,0.0
831,1,0,0.0
832,1,0,0.0
833,1,0,0.0
834,1,0,0.0
835,1,0,0.0
836,1,0,0.0
837,1,0,0.0
838,1,1,1.0
839,1,0,0.0
840,1,1,1.0
841,1,0,0.0
842,1,0,0.0
843,1,0,0.0
844,1,0,0.0
845,1,0,0.0
846,1,0,0.0
847,1,0,0.0
848,1,0,0.0
849,1,0,0.0
850,1,0,0.0
851,1,0,0.0
852,1,0,0.0
853,1,0,0.0
854,1,0,0.0
855,1,1,1.0
856,1,0,0.0
857,1,0,0.0
858,1,0,0.0
859,1,0,0.0
860,1,0,0.0
861,1,0,0.0
862,1,0,0.0
863,1,0,0.0
864,1,0,0.0
865,1,0,0.0
866,1,0,0.0
867,1,0,0.0
868,1,0,0.0
869,1,0,0.0
870,1,0,0.0
871,1,0,0.0
872,1,0,0.0
873,1,0,0.0
874,1,0,0.0
875,1,0,0.0
876,1,0,0.0
877,1,0,0.0
878,1,0,0.0
879,1,0,0.0
880,1,0,0.0
881,1,0,0.0
882,1,0,0.0
883,1,0,0.0
884,1,0,0.0
885,1,0,0.0
886,1,0,0.0
887,1,0,0.0
888,1,0,0.0
889,1,1,1.0
890,1,0,0.0
891,1,0,0.0
892,1,0,0.0
893,1,0,0.0
894,1,0,0.0
895,1,0,0.0
896,1,1,1.0
897,1,1,1.0
898,1,0,0.0
899,1,0,0.0
900,1,0,0.0
901,1,0,0.0
902,1,0,0.0
903,1,0,0.0
904,1,0,0.0
905,1,0,0.0
906,1,0,0.0
907,1,0,0.0
908,1,0,0.0
909,1,0,0.0
910,1,0,0.0
911,1,1,1.0
912,1,0,0.0
913,1,0,0.0
914,1,0,0.0
915,1,0,0.0
916,1,0,0.0
917,1,0,0.0
918,1,0,0.0
919,1,0,0.0
920,1,1,1.0
921,1,0,0.0
922,1,1,1.0
923,1,0,0.0
924,1,0,0.0
925,1,0,0.0
926,1,0,0.0
927,1,0,0.0
928,1,1,1.0
929,1,0,0.0
930,1,0,0.0
931,1,0,0.0
932,1,0,0.0
933,1,0,0.0
934,1,0,0.0
935,1,0,0.0
936,1,0,0.0
937,1,0,0.0
938,1,1,1.0
939,1,0,0.0
940,1,0,0.0
941,1,0,0.0
942,1,0,0.0
943,1,0,0.0
944,1,0,0.0
945,1,0,0.0
946,1,0,0.0
947,1,1,1.0
948,1,0,0.0
949,1,0,0.0
950,1,0,0.0
951,1,0,0.0
952,1,0,0.0
953,1,1,1.0
954,1,0,0.0
955,1,0,0.0
956,1,1,1.0
957,1,0,0.0
958,1,0,0.0
959,1,0,0.0
960,1,0,0.0
961,1,0,0.0
962,1,0,0.0
963,1,0,0.0
964,1,0,0.0
965,1,0,0.0
966,1,0,0.0
967,1,0,0.0
968,1,0,0.0
969,1,0,0.0
970,1,0,0.0
971,1,0,0.0
972,1,0,0.0
973,1,0,0.0
974,1,0,0.0
975,1,0,0.0
976,1,0,0.0
977,1,0,0.0
978,1,1,1.0
979,1,0,0.0
980,1,0,0.0
981,1,0,0.0
982,1,0,0.0
983,1,1,1.0
984,1,0,0.0
985,1,0,0.0
986,1,0,0.0
987,1,0,0.0
988,1,0,0.0
989,1,0,0.0
990,1,0,0.0
991,1,0,0.0
992,1,0,0.0
993,1,0,0.0
994,1,0,0.0
995,1,0,0.0
996,1,0,0.0
997,1,0,0.0
998,1,0,0.0
999,1,1,1.0
1000,1,0,0.0
1001,1,0,0.0
1002,1,0,0.0
1003,1,0,0.0
1004,1,0,0.0
1005,1,0,0.0
1006,1,0,0.0
1007,1,0,0.0
1008,1,0,0.0
1009,1,0,0.0
1010,1,0,0.0
1011,1,0,0.0
1012,1,0,0.0
1013,1,0,0.0
1014,1,0,0.0
1015,1,0,0.0
1016,1,0,0.0
1017,1,0,0.0
1018,1,0,0.0
1019,1,1,1.0
1020,1,0,0.0
1021,1,0,0.0
1022,1,0,0.0
1023,1,0,0.0
1024,1,0,0.0
1025,1,0,0.0
1026,1,0,0.0
1027,1,0,0.0
1028,1,0,0.0
1029,1,0,0.0
1030,1,0,0.0
1031,1,0,0.0
1032,1,0,0.0
1033,1,0,0.0
1034,1,0,0.0
1035,1,0,0.0
1036,1,0,0.0
1037,1,0,0.0
1038,1,2,2.0
1039,1,0,0.0
1040,1,0,0.0
1041,1,0,0.0
1042,1,0,0.0
1043,1,0,0.0
1044,1,0,0.0
1045,1,0,0.0
1046,1,0,0.0
1047,1,0,0.0
1048,1,0,0.0
1049,1,0,0.0
1050,1,0,0.0
1051,1,0,0.0
1052,1,0,0.0
1053,1,0,0.0
1054,1,0,0.0
1055,1,0,0.0
1056,1,0,0.0
1057,1,0,0.0
1058,1,0,0.0
1059,1,0,0.0
1060,1,0,0.0
1061,1,1,1.0
1062,1,0,0.0
1063,1,0,0.0
1064,1,0,0.0
1065,1,0,0.0
1066,1,0,0.0
1067,1,1,1.0
1068,1,0,0.0
1069,1,0,0.0
1070,1,0,0.0
1071,1,0,0.0
1072,1,0,0.0
1073,1,0,0.0
1074,1,0,0.0
1075,1,0,0.0
1076,1,0,0.0
1077,1,0,0.0
1078,1,0,0.0
1079,1,0,0.0
1080,1,0,0.0
1081,1,0,0.0
1082,1,0,0.0
1083,1,0,0.0
1084,1,0,0.0
1085,1,0,0.0
1086,1,0,0.0
1087,1,0,0.0
1088,1,0,0.0
1089,1,0,0.0
1090,1,0,0.0
1091,1,0,0.0
1092,1,0,0.0
1093,1,0,0.0
1094,1,0,0.0
1095,1,0,0.0
1096,1,0,0.0
1097,1,0,0.0
1098,1,0,0.0
1099,1,0,0.0
1100,1,0,0.0
1101,1,0,0.0
1102,1,0,0.0
1103,1,0,0.0
1104,1,0,0.0
1105,1,1,1.0
1106,1,0,0.0
1107,1,0,0.0
1108,1,0,0.0
1109,1,0,0.0
1110,1,0,0.0
1111,1,0,0.0
1112,1,0,0.0
1113,1,0,0.0
1114,1,0,0.0
1115,1,1,1.0
1116,1,0,0.0
1117,1,0,0.0
1118,1,0,0.0
1119,1,0,0.0
1120,1,0,0.0
1121,1,0,0.0
1122,1,0,0.0
1123,1,0,0.0
1124,1,0,0.0
1125,1,0,0.0
1126,1,0,0.0
1127,1,0,0.0
1128,1,0,0.0
1129,1,0,0.0
1130,1,0,0.0
1131,1,0,0.0
1132,1,0,0.0
1133,1,0,0.0
1134,1,0,0.0
1135,1,0,0.0
1136,1,0,0.0
1137,1,0,0.0
1138,1,0,0.0
1139,1,0,0.0
1140,1,0,0.0
1141,1,0,0.0
1142,1,0,0.0
1143,1,0,0.0
1144,1,0,0.0
1145,1,0,0.0
1146,1,0,0.0
1147,1,0,0.0
1148,1,0,0.0
1149,1,0,0.0
1150,1,0,0.0
1151,1,0,0.0
1152,1,0,0.0
1153,1,0,0.0
1154,1,0,0.0
1155,1,0,0.0
1156,1,0,0.0
1157,1,0,0.0
1158,1,0,0.0
1159,1,0,0.0
1160,1,0,0.0
1161,1,0,0.0
1162,1,0,0.0
1163,1,0,0.0
1164,1,0,0.0
1165,1,0,0.0
1166,1,0,0.0
1167,1,0,0.0
1168,1,0,0.0
1169,1,0,0.0
1170,1,0,0.0
1171,1,0,0.0
1172,1,0,0.0
1173,1,0,0.0
1174,1,0,0.0
1175,1,0,0.0
1176,1,0,0.0
1177,1,0,0.0
1178,1,0,0.0
1179,1,1,1.0
1180,1,0,0.0
1181,1,0,0.0
1182,1,0,0.0
1183,1,0,0.0
1184,1,0,0.0
1185,1,0,0.0
1186,1,0,0.0
1187,1,0,0.0
1188,1,0,0.0
1189,1,0,0.0
1190,1,1,1.0
1191,1,0,0.0
1192,1,0,0.0
1193,1,0,0.0
1194,1,0,0.0
1195,1,0,0.0
1196,1,0,0.0
1197,1,0,0.0
1198,1,0,0.0
1199,1,0,0.0
1200,1,0,0.0
1201,1,0,0.0
1202,1,0,0.0
1203,1,0,0.0
1204,1,0,0.0
1205,1,0,0.0
1206,1,0,0.0
1207,1,0,0.0
1208,1,0,0.0
1209,1,0,0.0
1210,1,0,0.0
1211,1,0,0.0
1212,1,0,0.0
1213,1,0,0.0
1214,1,0,0.0
1215,1,0,0.0
1216,1,0,0.0
1217,1,0,0.0
1218,1,0,0.0
1219,1,0,0.0
1220,1,0,0.0
1221,1,0,0.0
1222,1,0,0.0
1223,1,0,0.0
1224,1,0,0.0
1225,1,0,0.0
1226,1,0,0.0
1227,1,0,0.0
1228,1,0,0.0
1229,1,0,0.0
1230,1,1,1.0
1231,1,0,0.0
1232,1,0,0.0
1233,1,0,0.0
1234,1,0,0.0
1235,1,0,0.0
1236,1,0,0.0
1237,1,0,0.0
1238,1,0,0.0
1239,1,1,1.0
1240,1,0,0.0
1241,1,0,0.0
1242,1,0,0.0
1243,1,0,0.0
1244,1,0,0.0
1245,1,0,0.0
1246,1,0,0.0
1247,1,1,1.0
1248,1,0,0.0
1249,1,0,0.0
1250,1,0,0.0
1251,1,0,0.0
1252,1,0,0.0
1253,1,0,0.0
1254,1,0,0.0
1255,1,0,0.0
1256,1,1,1.0
1257,1,0,0.0
1258,1,0,0.0
1259,1,0,0.0
1260,1,0,0.0
1261,1,0,0.0
1262,1,0,0.0
1263,1,0,0.0
1264,1,0,0.0
1265,1,0,0.0
1266,1,0,0.0
1267,1,0,0.0
1268,1,0,0.0
1269,1,0,0.0
1270,1,0,0.0
1271,1,0,0.0
1272,1,0,0.0
1273,1,0,0.0
1274,1,0,0.0
1275,1,0,0.0
1276,1,0,0.0
1277,1,0,0.0
1278,1,0,0.0
1279,1,0,0.0
1280,1,0,0.0
1281,1,0,0.0
1282,1,0,0.0
1283,1,0,0.0
1284,1,0,0.0
1285,1,0,0.0
1286,1,0,0.0
1287,1,0,0.0
1288,1,0,0.0
1289,1,0,0.0
1290,1,0,0.0
1291,1,0,0.0
1292,1,0,0.0
1293,1,0,0.0
1294,1,1,1.0
1295,1,0,0.0
1296,1,0,0.0
1297,1,0,0.0
1298,1,0,0.0
1299,1,0,0.0
1300,1,0,0.0
1301,1,0,0.0
1302,1,1,1.0
1303,1,0,0.0
1304,1,0,0.0
1305,1,0,0.0
1306,1,0,0.0
1307,1,0,0.0
1308,1,0,0.0
1309,1,0,0.0
1310,1,0,0.0
1311,1,0,0.0
1312,1,0,0.0
1313,1,0,0.0
1314,1,0,0.0
1315,1,0,0.0
1316,1,0,0.0
1317,1,0,0.0
1318,1,0,0.0
1319,1,0,0.0
1320,1,0,0.0
1321,1,0,0.0
1322,1,0,0.0
1323,1,0,0.0
1324,1,0,0.0
1325,1,0,0.0
1326,1,0,0.0
1327,1,0,0.0
1328,1,0,0.0
1329,1,0,0.0
1330,1,0,0.0
1331,1,0,0.0
1332,1,0,0.0
1333,1,0,0.0
1334,1,0,0.0
1335,1,0,0.0
1336,1,0,0.0
1337,1,0,0.0
1338,1,0,0.0
1339,1,0,0.0
1340,1,0,0.0
1341,1,0,0.0
1342,1,0,0.0
1343,1,0,0.0
1344,1,0,0.0
1345,1,0,0.0
1346,1,0,0.0
1347,1,0,0.0
1348,1,0,0.0
1349,1,0,0.0
1350,1,0,0.0
1351,1,0,0.0
1352,1,0,0.0
1353,1,0,0.0
1354,1,0,0.0
1355,1,0,0.0
1356,1,0,0.0
1357,1,0,0.0
1358,1,0,0.0
1359,1,0,0.0
1360,1,0,0.0
1361,1,0,0.0
1362,1,0,0.0
1363,1,0,0.0
1364,1,0,0.0
1365,1,0,0.0
1366,1,0,0.0
1367,1,1,1.0
1368,1,0,0.0
1369,1,0,0.0
1370,1,0,0.0
1371,1,0,0.0
1372,1,0,0.0
1373,1,0,0.0
1374,1,0,0.0
1375,1,0,0.0
1376,1,0,0.0
1377,1,0,0.0
1378,1,0,0.0
1379,1,0,0.0
1380,1,0,0.0
1381,1,0,0.0
1382,1,0,0.0
1383,1,0,0.0
1384,1,0,0.0
1385,1,0,0.0
1386,1,0,0.0
1387,1,1,1.0
1388,1,0,0.0
1389,1,0,0.0
1390,1,0,0.0
1391,1,0,0.0
1392,1,0,0.0
1393,1,0,0.0
1394,1,0,0.0
1395,1,0,0.0
1396,1,0,0.0
1397,1,0,0.0
1398,1,0,0.0
1399,1,0,0.0
1400,1,0,0.0
1401,1,0,0.0
1402,1,0,0.0
1403,1,0,0.0
1404,1,0,0.0
1405,1,0,0.0
1406,1,0,0.0
1407,1,0,0.0
1408,1,0,0.0
1409,1,0,0.0
1410,1,0,0.0
1411,1,0,0.0
1412,1,0,0.0
1413,1,0,0.0
1414,1,0,0.0
1415,1,0,0.0
1416,1,0,0.0
1417,1,0,0.0
1418,1,0,0.0
1419,1,0,0.0
1420,1,0,0.0
1421,1,0,0.0
1422,1,0,0.0
1423,1,0,0.0
1424,1,1,1.0
1425,1,0,0.0
1426,1,0,0.0
1427,1,0,0.0
1428,1,0,0.0
1429,1,0,0.0
1430,1,0,0.0
1431,1,0,0.0
1432,1,0,0.0
1433,1,0,0.0
1434,1,0,0.0
1435,1,0,0.0
1436,1,0,0.0
1437,1,0,0.0
1438,1,0,0.0
1439,1,1,1.0
1440,1,0,0.0
1441,1,0,0.0
1442,1,0,0.0
1443,1,0,0.0
1444,1,0,0.0
1445,1,1,1.0
1446,1,0,0.0
1447,1,0,0.0
1448,1,0,0.0
1449,1,0,0.0
1450,1,0,0.0
1451,1,0,0.0
1452,1,0,0.0
1453,1,0,0.0
1454,1,0,0.0
1455,1,0,0.0
1456,1,0,0.0
1457,1,0,0.0
1458,1,0,0.0
1459,1,0,0.0
1460,1,0,0.0
1461,1,0,0.0
1462,1,0,0.0
1463,1,0,0.0
1464,1,0,0.0
1465,1,0,0.0
1466,1,0,0.0
1467,1,0,0.0
1468,1,0,0.0
1469,1,0,0.0
1470,1,0,0.0
1471,1,0,0.0
1472,1,0,0.0
1473,1,0,0.0
1474,1,0,0.0
1475,1,0,0.0
1476,1,0,0.0
1477,1,0,0.0
1478,1,0,0.0
1479,1,1,1.0
1480,1,0,0.0
1481,1,0,0.0
1482,1,0,0.0
1483,1,0,0.0
1484,1,1,1.0
1485,1,0,0.0
1486,1,0,0.0
1487,1,0,0.0
1488,1,0,0.0
1489,1,0,0.0
1490,1,0,0.0
1491,1,0,0.0
1492,1,0,0.0
1493,1,0,0.0
1494,1,0,0.0
1495,1,0,0.0
1496,1,0,0.0
1497,1,0,0.0
1498,1,1,1.0
1499,1,0,0.0
1500,1,0,0.0
1501,1,0,0.0
1502,1,2,2.0
1503,1,0,0.0
1504,1,0,0.0
1505,1,0,0.0
1506,1,0,0.0
1507,1,0,0.0
1508,1,0,0.0
1509,1,0,0.0
1510,1,0,0.0
1511,1,0,0.0
1512,1,0,0.0
1513,1,0,0.0
1514,1,0,0.0
1515,1,0,0.0
1516,1,0,0.0
1517,1,0,0.0
1518,1,0,0.0
1519,1,0,0.0
1520,1,0,0.0
1521,1,0,0.0
1522,1,0,0.0
1523,1,0,0.0
1524,1,0,0.0
1525,1,0,0.0
1526,1,0,0.0
1527,1,0,0.0
1528,1,0,0.0
1529,1,0,0.0
1530,1,0,0.0
1531,1,0,0.0
1532,1,0,0.0
1533,1,0,0.0
1534,1,0,0.0
1535,1,0,0.0
1536,1,0,0.0
1537,1,0,0.0
1538,1,0,0.0
1539,1,0,0.0
1540,1,0,0.0
1541,1,0,0.0
1542,1,0,0.0
1543,1,0,0.0
1544,1,0,0.0
1545,1,0,0.0
1546,1,0,0.0
1547,1,0,0.0
1548,1,0,0.0
1549,1,0,0.0
1550,1,0,0.0
1551,1,0,0.0
1552,1,0,0.0
1553,1,1,1.0
1554,1,0,0.0
1555,1,0,0.0
1556,1,0,0.0
1557,1,0,0.0
1558,1,0,0.0
1559,1,0,0.0
1560,1,0,0.0
1561,1,0,0.0
1562,1,0,0.0
1563,1,0,0.0
1564,1,0,0.0
1565,1,1,1.0
1566,1,0,0.0
1567,1,0,0.0
1568,1,0,0.0
1569,1,0,0.0
1570,1,0,0.0
1571,1,1,1.0
1572,1,0,0.0
1573,1,0,0.0
1574,1,0,0.0
1575,1,0,0.0
1576,1,0,0.0
1577,1,0,0.0
1578,1,0,0.0
1579,1,0,0.0
1580,1,0,0.0
1581,1,0,0.0
1582,1,0,0.0
1583,1,0,0.0
1584,1,0,0.0
1585,1,0,0.0
1586,1,0,0.0
1587,1,0,0.0
1588,1,0,0.0
1589,1,0,0.0
1590,1,0,0.0
1591,1,0,0.0
1592,1,0,0.0
1593,1,0,0.0
1594,1,0,0.0
1595,1,0,0.0
1596,1,0,0.0
1597,1,0,0.0
1598,1,0,0.0
1599,1,0,0.0
1600,1,0,0.0
1601,1,0,0.0
1602,1,0,0.0
1603,1,0,0.0
1604,1,0,0.0
1605,1,0,0.0
1606,1,0,0.0
1607,1,0,0.0
1608,1,0,0.0
1609,1,0,0.0
1610,1,0,0.0
1611,1,0,0.0
1612,1,0,0.0
1613,1,0,0.0
1614,1,0,0.0
1615,1,0,0.0
1616,1,0,0.0
1617,1,0,0.0
1618,1,1,1.0
1619,1,0,0.0
1620,1,0,0.0
1621,1,0,0.0
1622,1,0,0.0
1623,1,0,0.0
1624,1,1,1.0
1625,1,0,0.0
1626,1,0,0.0
1627,1,0,0.0
1628,1,0,0.0
1629,1,0,0.0
1630,1,0,0.0
1631,1,0,0.0
1632,1,0,0.0
1633,1,0,0.0
1634,1,0,0.0
1635,1,0,0.0
1636,1,0,0.0
1637,1,1,1.0
1638,1,0,0.0
1639,1,0,0.0
1640,1,0,0.0
1641,1,0,0.0
1642,1,0,0.0
1643,1,0,0.0
1644,1,0,0.0
1645,1,0,0.0
1646,1,0,0.0
1647,1,0,0.0
1648,1,0,0.0
1649,1,0,0.0
1650,1,0,0.0
1651,1,0,0.0
1652,1,0,0.0
1653,1,1,1.0
1654,1,0,0.0
1655,1,0,0.0
1656,1,1,1.0
1657,1,0,0.0
1658,1,0,0.0
1659,1,0,0.0
1660,1,0,0.0
1661,1,0,0.0
1662,1,0,0.0
1663,1,0,0.0
1664,1,0,0.0
1665,1,0,0.0
1666,1,0,0.0
1667,1,0,0.0
1668,1,0,0.0
1669,1,0,0.0
1670,1,0,0.0
1671,1,0,0.0
1672,1,0,0.0
1673,1,0,0.0
1674,1,0,0.0
1675,1,0,0.0
1676,1,0,0.0
1677,1,0,0.0
1678,1,0,0.0
1679,1,0,0.0
1680,1,1,1.0
1681,1,0,0.0
1682,1,1,1.0
1683,1,0,0.0
1684,1,0,0.0
1685,1,0,0.0
1686,1,0,0.0
1687,1,0,0.0
1688,1,1,1.0
1689,1,0,0.0
1690,1,0,0.0
1691,1,0,0.0
1692,1,0,0.0
1693,1,0,0.0
1694,1,0,0.0
1695,1,0,0.0
1696,1,0,0.0
1697,1,0,0.0
1698,1,0,0.0
1699,1,1,1.0
1700,1,0,0.0
1701,1,0,0.0
1702,1,0,0.0
1703,1,0,0.0
1704,1,0,0.0
1705,1,0,0.0
1706,1,0,0.0
1707,1,0,0.0
1708,1,0,0.0
1709,1,1,1.0
1710,1,0,0.0
1711,1,0,0.0
1712,1,0,0.0
1713,1,0,0.0
1714,1,0,0.0
1715,1,0,0.0
1716,1,0,0.0
1717,1,0,0.0
1718,1,0,0.0
1719,1,0,0.0
1720,1,0,0.0
1721,1,0,0.0
1722,1,0,0.0
1723,1,0,0.0
1724,1,0,0.0
1725,1,0,0.0
1726,1,0,0.0
1727,1,0,0.0
1728,1,0,0.0
1729,1,1,1.0
1730,1,0,0.0
1731,1,0,0.0
1732,1,1,1.0
1733,1,0,0.0
1734,1,0,0.0
1735,1,0,0.0
1736,1,0,0.0
1737,1,0,0.0
1738,1,0,0.0
1739,1,0,0.0
1740,1,0,0.0
1741,1,0,0.0
1742,1,0,0.0
1743,1,0,0.0
1744,1,1,1.0
1745,1,0,0.0
1746,1,0,0.0
1747,1,0,0.0
1748,1,0,0.0
1749,1,0,0.0
1750,1,0,0.0
1751,1,0,0.0
1752,1,0,0.0
1753,1,0,0.0
1754,1,0,0.0
1755,1,0,0.0
1756,1,0,0.0
1757,1,0,0.0
1758,1,0,0.0
1759,1,0,0.0
1760,1,0,0.0
1761,1,0,0.0
1762,1,0,0.0
1763,1,0,0.0
1764,1,0,0.0
1765,1,0,0.0
1766,1,0,0.0
1767,1,0,0.0
1768,1,0,0.0
1769,1,0,0.0
1770,1,0,0.0
1771,1,0,0.0
1772,1,0,0.0
1773,1,0,0.0
1774,1,0,0.0
1775,1,0,0.0
1776,1,1,1.0
1777,1,0,0.0
1778,1,0,0.0
1779,1,0,0.0
1780,1,0,0.0
1781,1,1,1.0
1782,1,0,0.0
1783,1,0,0.0
1784,1,0,0.0
1785,1,0,0.0
1786,1,0,0.0
1787,1,0,0.0
1788,1,0,0.0
1789,1,0,0.0
1790,1,0,0.0
1791,1,0,0.0
1792,1,0,0.0
1793,1,0,0.0
1794,1,0,0.0
1795,1,0,0.0
1796,1,0,0.0
1797,1,0,0.0
1798,1,0,0.0
1799,1,0,0.0
1800,1,1,1.0
1801,1,0,0.0
1802,1,0,0.0
1803,1,1,1.0
1804,1,0,0.0
1805,1,0,0.0
1806,1,0,0.0
1807,1,0,0.0
1808,1,0,0.0
1809,1,0,0.0
1810,1,0,0.0
1811,1,1,1.0
1812,1,0,0.0
1813,1,0,0.0
1814,1,0,0.0
1815,1,0,0.0
1816,1,0,0.0
1817,1,0,0.0
1818,1,0,0.0
1819,1,0,0.0
1820,1,0,0.0
1821,1,1,1.0
1822,1,0,0.0
1823,1,0,0.0
1824,1,0,0.0
1825,1,0,0.0
1826,1,0,0.0
1827,1,0,0.0
1828,1,0,0.0
1829,1,0,0.0
1830,1,0,0.0
1831,1,0,0.0
1832,1,0,0.0
1833,1,0,0.0
1834,1,0,0.0
1835,1,0,0.0
1836,1,0,0.0
1837,1,0,0.0
1838,1,0,0.0
1839,1,0,0.0
1840,1,0,0.0
1841,1,0,0.0
1842,1,0,0.0
1843,1,0,0.0
1844,1,0,0.0
1845,1,0,0.0
1846,1,0,0.0
1847,1,0,0.0
1848,1,0,0.0
1849,1,0,0.0
1850,1,0,0.0
1851,1,0,0.0
1852,1,0,0.0
1853,1,0,0.0
1854,1,0,0.0
1855,1,0,0.0
1856,1,0,0.0
1857,1,0,0.0
1858,1,0,0.0
1859,1,0,0.0
1860,1,0,0.0
1861,1,0,0.0
1862,1,0,0.0
1863,1,0,0.0
1864,1,0,0.0
1865,1,0,0.0
1866,1,0,0.0
1867,1,0,0.0
1868,1,0,0.0
1869,1,0,0.0
1870,1,0,0.0
1871,1,0,0.0
1872,1,0,0.0
1873,1,0,0.0
1874,1,0,0.0
1875,1,0,0.0
1876,1,1,1.0
1877,1,0,0.0
1878,1,0,0.0
1879,1,0,0.0
1880,1,0,0.0
1881,1,0,0.0
1882,1,0,0.0
1883,1,0,0.0
1884,1,0,0.0
1885,1,0,0.0
1886,1,0,0.0
1887,1,1,1.0
1888,1,1,1.0
1889,1,0,0.0
1890,1,0,0.0
1891,1,0,0.0
1892,1,0,0.0
1893,1,0,0.0
1894,1,0,0.0
1895,1,0,0.0
1896,1,0,0.0
1897,1,0,0.0
1898,1,0,0.0
1899,1,0,0.0
1900,1,0,0.0
1901,1,0,0.0
1902,1,0,0.0
1903,1,0,0.0
1904,1,0,0.0
1905,1,0,0.0
1906,1,0,0.0
1907,1,0,0.0
1908,1,0,0.0
1909,1,0,0.0
1910,1,1,1.0
1911,1,0,0.0
1912,1,0,0.0
1913,1,0,0.0
1914,1,0,0.0
1915,1,0,0.0
1916,1,0,0.0
1917,1,0,0.0
1918,1,0,0.0
1919,1,0,0.0
1920,1,0,0.0
1921,1,0,0.0
1922,1,0,0.0
1923,1,0,0.0
1924,1,0,0.0
1925,1,0,0.0
1926,1,0,0.0
1927,1,0,0.0
1928,1,0,0.0
1929,1,1,1.0
1930,1,0,0.0
1931,1,0,0.0
1932,1,0,0.0
1933,1,0,0.0
1934,1,0,0.0
1935,1,0,0.0
1936,1,0,0.0
1937,1,0,0.0
1938,1,0,0.0
1939,1,0,0.0
1940,1,0,0.0
1941,1,0,0.0
1942,1,0,0.0
1943,1,1,1.0
1944,1,0,0.0
1945,1,0,0.0
1946,1,0,0.0
1947,1,0,0.0
1948,1,0,0.0
1949,1,1,1.0
1950,1,0,0.0
1951,1,0,0.0
1952,1,0,0.0
1953,1,0,0.0
1954,1,0,0.0
1955,1,0,0.0
1956,1,0,0.0
1957,1,0,0.0
1958,1,1,1.0
1959,1,0,0.0
1960,1,0,0.0
1961,1,0,0.0
1962,1,0,0.0
1963,1,0,0.0
1964,1,0,0.0
1965,1,0,0.0
1966,1,0,0.0
1967,1,0,0.0
1968,1,0,0.0
1969,1,0,0.0
1970,1,0,0.0
1971,1,0,0.0
1972,1,0,0.0
1973,1,0,0.0
1974,1,0,0.0
1975,1,0,0.0
1976,1,0,0.0
1977,1,0,0.0
1978,1,0,0.0
1979,1,0,0.0
1980,1,0,0.0
1981,1,0,0.0
1982,1,0,0.0
1983,1,0,0.0
1984,1,0,0.0
1985,1,0,0.0
1986,1,0,0.0
1987,1,0,0.0
1988,1,0,0.0
1989,1,1,1.0
1990,1,0,0.0
1991,1,0,0.0
1992,1,0,0.0
1993,1,1,1.0
1994,1,0,0.0
1995,1,1,1.0
1996,1,0,0.0
1997,1,0,0.0
1998,1,0,0.0
1999,1,0,0.0
2000,1,0,0.0
2001,1,0,0.0
2002,1,0,0.0
2003,1,0,0.0
2004,1,0,0.0
2005,1,0,0.0
2006,1,0,0.0
2007,1,0,0.0
2008,1,1,1.0
2009,1,0,0.0
2010,1,0,0.0
2011,1,0,0.0
2012,1,0,0.0
2013,1,0,0.0
2014,1,1,1.0
2015,1,1,1.0
2016,1,1,1.0
2017,1,0,0.0
2018,1,0,0.0
2019,1,0,0.0
2020,1,0,0.0
2021,1,0,0.0
2022,1,1,1.0
2023,1,0,0.0
2024,1,0,0.0
2025,1,0,0.0
2026,1,0,0.0
2027,1,0,0.0
2028,1,1,1.0
2029,1,0,0.0
2030,1,0,0.0
2031,1,0,0.0
2032,1,0,0.0
2033,1,0,0.0
2034,1,0,0.0
2035,1,0,0.0
2036,1,0,0.0
2037,1,0,0.0
2038,1,0,0.0
2039,1,0,0.0
2040,1,0,0.0
2041,1,0,0.0
2042,1,0,0.0
2043,1,0,0.0
2044,1,0,0.0
2045,1,0,0.0
2046,1,0,0.0
2047,1,0,0.0
2048,1,1,1.0
2049,1,0,0.0
2050,1,0,0.0
2051,1,0,0.0
2052,1,0,0.0
2053,1,0,0.0
2054,1,0,0.0
2055,1,0,0.0
2056,1,0,0.0
2057,1,0,0.0
2058,1,0,0.0
2059,1,0,0.0
2060,1,0,0.0
2061,1,0,0.0
2062,1,0,0.0
2063,1,0,0.0
2064,1,0,0.0
2065,1,0,0.0
2066,1,0,0.0
2067,1,2,2.0
2068,1,0,0.0
2069,1,0,0.0
2070,1,0,0.0
2071,1,0,0.0
2072,1,0,0.0
2073,1,0,0.0
2074,1,0,0.0
2075,1,0,0.0
2076,1,0,0.0
2077,1,0,0.0
2078,1,1,1.0
2079,1,0,0.0
2080,1,0,0.0
2081,1,0,0.0
2082,1,0,0.0
2083,1,0,0.0
2084,1,0,0.0
2085,1,0,0.0
2086,1,0,0.0
2087,1,1,1.0
2088,1,0,0.0
2089,1,0,0.0
2090,1,0,0.0
2091,1,0,0.0
2092,1,0,0.0
2093,1,0,0.0
2094,1,0,0.0
2095,1,0,0.0
2096,1,0,0.0
2097,1,0,0.0
2098,1,0,0.0
2099,1,0,0.0
2100,1,0,0.0
2101,1,0,0.0
2102,1,0,0.0
2103,1,0,0.0
2104,1,0,0.0
2105,1,0,0.0
2106,1,0,0.0
2107,1,0,0.0
2108,1,0,0.0
2109,1,0,0.0
2110,1,1,1.0
2111,1,0,0.0
2112,1,0,0.0
2113,1,0,0.0
2114,1,0,0.0
2115,1,0,0.0
2116,1,0,0.0
2117,1,0,0.0
2118,1,0,0.0
2119,1,0,0.0
2120,1,0,0.0
2121,1,0,0.0
2122,1,0,0.0
2123,1,0,0.0
2124,1,0,0.0
2125,1,0,0.0
2126,1,0,0.0
2127,1,0,0.0
2128,1,0,0.0
2129,1,0,0.0
2130,1,0,0.0
2131,1,0,0.0
2132,1,0,0.0
2133,1,0,0.0
2134,1,0,0.0
2135,1,1,1.0
2136,1,0,0.0
2137,1,0,0.0
2138,1,0,0.0
2139,1,0,0.0
2140,1,0,0.0
2141,1,0,0.0
2142,1,0,0.0
2143,1,0,0.0
2144,1,0,0.0
2145,1,0,0.0
2146,1,0,0.0
2147,1,0,0.0
2148,1,0,0.0
2149,1,0,0.0
2150,1,0,0.0
2151,1,0,0.0
2152,1,0,0.0
2153,1,0,0.0
2154,1,0,0.0
2155,1,0,0.0
2156,1,1,1.0
2157,1,0,0.0
2158,1,0,0.0
2159,1,0,0.0
2160,1,1,1.0
2161,1,1,1.0
2162,1,0,0.0
2163,1,0,0.0
2164,1,0,0.0
2165,1,0,0.0
2166,1,0,0.0
2167,1,0,0.0
2168,1,0,0.0
2169,1,1,1.0
2170,1,0,0.0
2171,1,0,0.0
2172,1,2,2.0
2173,1,0,0.0
2174,1,0,0.0
2175,1,0,0.0
2176,1,0,0.0
2177,1,0,0.0
2178,1,0,0.0
2179,1,0,0.0
2180,1,0,0.0
2181,1,0,0.0
2182,1,0,0.0
2183,1,0,0.0
2184,1,0,0.0
2185,1,1,1.0
2186,1,0,0.0
2187,1,0,0.0
2188,1,0,0.0
2189,1,0,0.0
2190,1,0,0.0
2191,1,0,0.0
2192,1,0,0.0
2193,1,0,0.0
2194,1,0,0.0
2195,1,0,0.0
2196,1,0,0.0
2197,1,0,0.0
2198,1,0,0.0
2199,1,0,0.0
2200,1,0,0.0
2201,1,0,0.0
2202,1,0,0.0
2203,1,0,0.0
2204,1,0,0.0
2205,1,0,0.0
2206,1,0,0.0
2207,1,0,0.0
2208,1,0,0.0
2209,1,0,0.0
2210,1,0,0.0
2211,1,0,0.0
2212,1,0,0.0
2213,1,0,0.0
2214,1,1,1.0
2215,1,0,0.0
2216,1,0,0.0
2217,1,0,0.0
2218,1,0,0.0
2219,1,0,0.0
2220,1,0,0.0
2221,1,0,0.0
2222,1,0,0.0
2223,1,0,0.0
2224,1,0,0.0
2225,1,0,0.0
2226,1,0,0.0
2227,1,0,0.0
2228,1,0,0.0
2229,1,0,0.0
2230,1,0,0.0
2231,1,0,0.0
2232,1,0,0.0
2233,1,0,0.0
2234,1,0,0.0
2235,1,0,0.0
2236,1,0,0.0
2237,1,0,0.0
2238,1,0,0.0
2239,1,0,0.0
2240,1,0,0.0
2241,1,0,0.0
2242,1,0,0.0
2243,1,0,0.0
2244,1,0,0.0
2245,1,0,0.0
2246,1,0,0.0
2247,1,0,0.0
2248,1,0,0.0
2249,1,0,0.0
2250,1,0,0.0
2251,1,0,0.0
2252,1,0,0.0
2253,1,0,0.0
2254,1,0,0.0
2255,1,0,0.0
2256,1,0,0.0
2257,1,0,0.0
2258,1,0,0.0
2259,1,1,1.0
2260,1,0,0.0
2261,1,0,0.0
2262,1,0,0.0
2263,1,0,0.0
2264,1,0,0.0
2265,1,0,0.0
2266,1,1,1.0
2267,1,0,0.0
2268,1,0,0.0
2269,1,0,0.0
2270,1,0,0.0
2271,1,0,0.0
2272,1,0,0.0
2273,1,0,0.0
2274,1,0,0.0
2275,1,1,1.0
2276,1,0,0.0
2277,1,1,1.0
2278,1,0,0.0
2279,1,0,0.0
2280,1,0,0.0
2281,1,1,1.0
2282,1,0,0.0
2283,1,0,0.0
2284,1,0,0.0
2285,1,0,0.0
2286,1,0,0.0
2287,1,0,0.0
2288,1,2,2.0
2289,1,0,0.0
2290,1,0,0.0
2291,1,0,0.0
2292,1,0,0.0
2293,1,0,0.0
2294,1,0,0.0
2295,1,0,0.0
2296,1,0,0.0
2297,1,0,0.0
2298,1,0,0.0
2299,1,0,0.0
2300,1,0,0.0
2301,1,0,0.0
2302,1,0,0.0
2303,1,0,0.0
2304,1,0,0.0
2305,1,0,0.0
2306,1,0,0.0
2307,1,1,1.0
2308,1,0,0.0
2309,1,0,0.0
2310,1,0,0.0
2311,1,1,1.0
2312,1,0,0.0
2313,1,0,0.0
2314,1,0,0.0
2315,1,1,1.0
2316,1,0,0.0
2317,1,0,0.0
2318,1,0,0.0
2319,1,0,0.0
2320,1,0,0.0
2321,1,0,0.0
2322,1,0,0.0
2323,1,0,0.0
2324,1,0,0.0
2325,1,1,1.0
2326,1,0,0.0
2327,1,0,0.0
2328,1,0,0.0
2329,1,0,0.0
2330,1,0,0.0
2331,1,0,0.0
2332,1,0,0.0
2333,1,0,0.0
2334,1,0,0.0
2335,1,0,0.0
2336,1,0,0.0
2337,1,0,0.0
2338,1,0,0.0
2339,1,0,0.0
2340,1,0,0.0
2341,1,1,1.0
2342,1,0,0.0
2343,1,1,1.0
2344,1,0,0.0
2345,1,0,0.0
2346,1,0,0.0
2347,1,0,0.0
2348,1,0,0.0
2349,1,0,0.0
2350,1,0,0.0
2351,1,0,0.0
2352,1,0,0.0
2353,1,0,0.0
2354,1,0,0.0
2355,1,0,0.0
2356,1,0,0.0
2357,1,0,0.0
2358,1,0,0.0
2359,1,0,0.0
2360,1,1,1.0
2361,1,0,0.0
2362,1,0,0.0
2363,1,0,0.0
2364,1,0,0.0
2365,1,0,0.0
2366,1,0,0.0
2367,1,0,0.0
2368,1,0,0.0
2369,1,0,0.0
2370,1,0,0.0
2371,1,0,0.0
2372,1,0,0.0
2373,1,0,0.0
2374,1,0,0.0
2375,1,0,0.0
2376,1,0,0.0
2377,1,0,0.0
2378,1,0,0.0
2379,1,0,0.0
2380,1,0,0.0
2381,1,0,0.0
2382,1,0,0.0
2383,1,1,1.0
2384,1,0,0.0
2385,1,0,0.0
2386,1,0,0.0
2387,1,0,0.0
2388,1,0,0.0
2389,1,0,0.0
2390,1,0,0.0
2391,1,0,0.0
2392,1,0,0.0
2393,1,1,1.0
2394,1,0,0.0
2395,1,0,0.0
2396,1,0,0.0
2397,1,0,0.0
2398,1,0,0.0
2399,1,0,0.0
2400,1,0,0.0
2401,1,0,0.0
2402,1,0,0.0
2403,1,0,0.0
2404,1,0,0.0
2405,1,0,0.0
2406,1,0,0.0
2407,1,1,1.0
2408,1,0,0.0
2409,1,0,0.0
2410,1,0,0.0
2411,1,0,0.0
2412,1,0,0.0
2413,1,0,0.0
2414,1,0,0.0
2415,1,0,0.0
2416,1,0,0.0
2417,1,0,0.0
2418,1,0,0.0
2419,1,0,0.0
2420,1,0,0.0
2421,1,0,0.0
2422,1,0,0.0
2423,1,0,0.0
2424,1,0,0.0
2425,1,0,0.0
2426,1,0,0.0
2427,1,0,0.0
2428,1,0,0.0
2429,1,0,0.0
2430,1,1,1.0
2431,1,0,0.0
2432,1,0,0.0
2433,1,0,0.0
2434,1,0,0.0
2435,1,0,0.0
2436,1,0,0.0
2437,1,0,0.0
2438,1,0,0.0
2439,1,1,1.0
2440,1,0,0.0
2441,1,0,0.0
2442,1,0,0.0
2443,1,0,0.0
2444,1,0,0.0
2445,1,0,0.0
2446,1,0,0.0
2447,1,0,0.0
2448,1,0,0.0
2449,1,0,0.0
2450,1,0,0.0
2451,1,0,0.0
2452,1,0,0.0
2453,1,0,0.0
2454,1,0,0.0
2455,1,0,0.0
2456,1,0,0.0
2457,1,0,0.0
2458,1,0,0.0
2459,1,0,0.0
2460,1,1,1.0
2461,1,0,0.0
2462,1,0,0.0
2463,1,0,0.0
2464,1,0,0.0
2465,1,0,0.0
2466,1,0,0.0
2467,1,0,0.0
2468,1,0,0.0
2469,1,0,0.0
2470,1,0,0.0
2471,1,0,0.0
2472,1,0,0.0
2473,1,0,0.0
2474,1,0,0.0
2475,1,0,0.0
2476,1,0,0.0
2477,1,0,0.0
2478,1,0,0.0
2479,1,0,0.0
2480,1,0,0.0
2481,1,0,0.0
2482,1,0,0.0
2483,1,0,0.0
2484,1,0,0.0
2485,1,0,0.0
2486,1,0,0.0
2487,1,0,0.0
2488,1,0,0.0
2489,1,0,0.0
2490,1,1,1.0
2491,1,0,0.0
2492,1,0,0.0
2493,1,0,0.0
2494,1,0,0.0
2495,1,0,0.0
2496,1,0,0.0
2497,1,0,0.0
2498,1,0,0.0
2499,1,0,0.0
2500,1,0,0.0
2501,1,0,0.0
2502,1,1,1.0
2503,1,0,0.0
2504,1,0,0.0
2505,1,0,0.0
2506,1,0,0.0
2507,1,0,0.0
2508,1,0,0.0
2509,1,0,0.0
2510,1,0,0.0
2511,1,0,0.0
2512,1,0,0.0
2513,1,0,0.0
2514,1,0,0.0
2515,1,0,0.0
2516,1,0,0.0
2517,1,0,0.0
2518,1,0,0.0
2519,1,0,0.0
2520,1,0,0.0
2521,1,0,0.0
2522,1,0,0.0
2523,1,0,0.0
2524,1,0,0.0
2525,1,0,0.0
2526,1,0,0.0
2527,1,0,0.0
2528,1,1,1.0
2529,1,0,0.0
2530,1,0,0.0
2531,1,0,0.0
2532,1,0,0.0
2533,1,0,0.0
2534,1,0,0.0
2535,1,0,0.0
2536,1,0,0.0
2537,1,0,0.0
2538,1,0,0.0
2539,1,0,0.0
2540,1,1,1.0
2541,1,1,1.0
2542,1,1,1.0
2543,1,0,0.0
2544,1,0,0.0
2545,1,0,0.0
2546,1,1,1.0
2547,1,0,0.0
2548,1,0,0.0
2549,1,0,0.0
2550,1,0,0.0
2551,1,0,0.0
2552,1,0,0.0
2553,1,0,0.0
2554,1,0,0.0
2555,1,0,0.0
2556,1,0,0.0
2557,1,0,0.0
2558,1,0,0.0
2559,1,0,0.0
2560,1,0,0.0
2561,1,0,0.0
2562,1,0,0.0
2563,1,0,0.0
2564,1,0,0.0
2565,1,0,0.0
2566,1,0,0.0
2567,1,0,0.0
2568,1,0,0.0
2569,1,0,0.0
2570,1,0,0.0
2571,1,0,0.0
2572,1,0,0.0
2573,1,0,0.0
2574,1,0,0.0
2575,1,0,0.0
2576,1,0,0.0
2577,1,0,0.0
2578,1,0,0.0
2579,1,0,0.0
2580,1,0,0.0
2581,1,0,0.0
2582,1,0,0.0
2583,1,0,0.0
2584,1,0,0.0
2585,1,0,0.0
2586,1,0,0.0
2587,1,0,0.0
2588,1,0,0.0
2589,1,0,0.0
2590,1,0,0.0
2591,1,0,0.0
2592,1,0,0.0
2593,1,0,0.0
2594,1,0,0.0
2595,1,0,0.0
2596,1,0,0.0
2597,1,0,0.0
2598,1,0,0.0
2599,1,0,0.0
2600,1,0,0.0
2601,1,0,0.0
2602,1,0,0.0
2603,1,0,0.0
2604,1,0,0.0
2605,1,0,0.0
2606,1,0,0.0
2607,1,1,1.0
2608,1,0,0.0
2609,1,0,0.0
2610,1,0,0.0
2611,1,0,0.0
2612,1,0,0.0
2613,1,0,0.0
2614,1,0,0.0
2615,1,0,0.0
2616,1,0,0.0
2617,1,0,0.0
2618,1,0,0.0
2619,1,0,0.0
2620,1,0,0.0
2621,1,0,0.0
2622,1,0,0.0
2623,1,0,0.0
2624,1,0,0.0
2625,1,0,0.0
2626,1,0,0.0
2627,1,0,0.0
2628,1,0,0.0
2629,1,1,1.0
2630,1,0,0.0
2631,1,0,0.0
2632,1,0,0.0
2633,1,0,0.0
2634,1,0,0.0
2635,1,0,0.0
2636,1,0,0.0
2637,1,0,0.0
2638,1,0,0.0
2639,1,0,0.0
2640,1,0,0.0
2641,1,1,1.0
2642,1,0,0.0
2643,1,0,0.0
2644,1,0,0.0
2645,1,0,0.0
2646,1,2,2.0
2647,1,0,0.0
2648,1,0,0.0
2649,1,0,0.0
2650,1,0,0.0
2651,1,0,0.0
2652,1,0,0.0
2653,1,0,0.0
2654,1,0,0.0
2655,1,0,0.0
2656,1,0,0.0
2657,1,0,0.0
2658,1,0,0.0
2659,1,0,0.0
2660,1,0,0.0
2661,1,0,0.0
2662,1,1,1.0
2663,1,0,0.0
2664,1,0,0.0
2665,1,0,0.0
2666,1,1,1.0
2667,1,0,0.0
2668,1,0,0.0
2669,1,0,0.0
2670,1,0,0.0
2671,1,0,0.0
2672,1,0,0.0
2673,1,0,0.0
2674,1,0,0.0
2675,1,0,0.0
2676,1,0,0.0
2677,1,0,0.0
2678,1,0,0.0
2679,1,0,0.0
2680,1,0,0.0
2681,1,0,0.0
2682,1,0,0.0
2683,1,0,0.0
2684,1,1,1.0
2685,1,0,0.0
2686,1,0,0.0
2687,1,0,0.0
2688,1,0,0.0
2689,1,0,0.0
2690,1,0,0.0
2691,1,1,1.0
2692,1,0,0.0
2693,1,0,0.0
2694,1,1,1.0
2695,1,0,0.0
2696,1,0,0.0
2697,1,0,0.0
2698,1,0,0.0
2699,1,0,0.0
2700,1,2,2.0
2701,1,1,1.0
2702,1,0,0.0
2703,1,0,0.0
2704,1,0,0.0
2705,1,0,0.0
2706,1,1,1.0
2707,1,0,0.0
2708,1,0,0.0
2709,1,0,0.0
2710,1,0,0.0
2711,1,0,0.0
2712,1,0,0.0
2713,1,0,0.0
2714,1,0,0.0
2715,1,0,0.0
2716,1,0,0.0
2717,1,0,0.0
2718,1,0,0.0
2719,1,0,0.0
2720,1,0,0.0
2721,1,0,0.0
2722,1,1,1.0
2723,1,0,0.0
2724,1,0,0.0
2725,1,0,0.0
2726,1,0,0.0
2727,1,0,0.0
2728,1,0,0.0
2729,1,0,0.0
2730,1,0,0.0
2731,1,0,0.0
2732,1,0,0.0
2733,1,0,0.0
2734,1,0,0.0
2735,1,0,0.0
2736,1,0,0.0
2737,1,1,1.0
2738,1,0,0.0
2739,1,0,0.0
2740,1,0,0.0
2741,1,0,0.0
2742,1,0,0.0
2743,1,0,0.0
2744,1,0,0.0
2745,1,2,2.0
2746,1,0,0.0
2747,1,0,0.0
2748,1,0,0.0
2749,1,0,0.0
2750,1,0,0.0
2751,1,0,0.0
2752,1,0,0.0
2753,1,0,0.0
2754,1,0,0.0
2755,1,0,0.0
2756,1,0,0.0
2757,1,0,0.0
2758,1,0,0.0
2759,1,0,0.0
2760,1,0,0.0
2761,1,0,0.0
2762,1,0,0.0
2763,1,0,0.0
2764,1,0,0.0
2765,1,0,0.0
2766,1,0,0.0
2767,1,0,0.0
2768,1,0,0.0
2769,1,0,0.0
2770,1,0,0.0
2771,1,0,0.0
2772,1,0,0.0
2773,1,0,0.0
2774,1,0,0.0
2775,1,0,0.0
2776,1,0,0.0
2777,1,0,0.0
2778,1,0,0.0
2779,1,0,0.0
2780,1,0,0.0
2781,1,0,0.0
2782,1,0,0.0
2783,1,0,0.0
2784,1,0,0.0
2785,1,0,0.0
2786,1,0,0.0
2787,1,1,1.0
2788,1,0,0.0
2789,1,0,0.0
2790,1,0,0.0
2791,1,0,0.0
2792,1,0,0.0
2793,1,1,1.0
2794,1,0,0.0
2795,1,0,0.0
2796,1,0,0.0
2797,1,0,0.0
2798,1,1,1.0
2799,1,1,1.0
2800,1,0,0.0
2801,1,0,0.0
2802,1,0,0.0
2803,1,1,1.0
2804,1,0,0.0
2805,1,0,0.0
2806,1,0,0.0
2807,1,0,0.0
2808,1,1,1.0
2809,1,0,0.0
2810,1,0,0.0
2811,1,0,0.0
2812,1,0,0.0
2813,1,0,0.0
2814,1,0,0.0
2815,1,0,0.0
2816,1,0,0.0
2817,1,0,0.0
2818,1,0,0.0
2819,1,0,0.0
2820,1,0,0.0
2821,1,0,0.0
2822,1,1,1.0
2823,1,0,0.0
2824,1,0,0.0
2825,1,0,0.0
2826,1,0,0.0
2827,1,0,0.0
2828,1,0,0.0
2829,1,0,0.0
2830,1,0,0.0
2831,1,0,0.0
2832,1,0,0.0
2833,1,0,0.0
2834,1,0,0.0
2835,1,0,0.0
2836,1,0,0.0
2837,1,0,0.0
2838,1,0,0.0
2839,1,0,0.0
2840,1,0,0.0
2841,1,0,0.0
2842,1,0,0.0
2843,1,0,0.0
2844,1,0,0.0
2845,1,0,0.0
2846,1,0,0.0
2847,1,0,0.0
2848,1,0,0.0
2849,1,0,0.0
2850,1,0,0.0
2851,1,0,0.0
2852,1,0,0.0
2853,1,0,0.0
2854,1,0,0.0
2855,1,0,0.0
2856,1,1,1.0
2857,1,0,0.0
2858,1,0,0.0
2859,1,0,0.0
2860,1,0,0.0
2861,1,0,0.0
2862,1,1,1.0
2863,1,0,0.0
2864,1,0,0.0
2865,1,0,0.0
2866,1,0,0.0
2867,1,1,1.0
2868,1,1,1.0
2869,1,0,0.0
2870,1,0,0.0
2871,1,0,0.0
2872,1,0,0.0
2873,1,0,0.0
2874,1,0,0.0
2875,1,0,0.0
2876,1,0,0.0
2877,1,0,0.0
2878,1,0,0.0
2879,1,0,0.0
2880,1,0,0.0
2881,1,0,0.0
2882,1,0,0.0
2883,1,0,0.0
2884,1,0,0.0
2885,1,0,0.0
2886,1,0,0.0
2887,1,0,0.0
2888,1,0,0.0
2889,1,0,0.0
2890,1,0,0.0
2891,1,0,0.0
2892,1,0,0.0
2893,1,0,0.0
2894,1,0,0.0
2895,1,0,0.0
2896,1,0,0.0
2897,1,0,0.0
2898,1,0,0.0
2899,1,0,0.0
2900,1,0,0.0
2901,1,0,0.0
2902,1,1,1.0
2903,1,0,0.0
2904,1,0,0.0
2905,1,1,1.0
2906,1,0,0.0
2907,1,0,0.0
2908,1,0,0.0
2909,1,0,0.0
2910,1,0,0.0
2911,1,0,0.0
2912,1,0,0.0
2913,1,0,0.0
2914,1,0,0.0
2915,1,1,1.0
2916,1,0,0.0
2917,1,0,0.0
2918,1,0,0.0
2919,1,0,0.0
2920,1,0,0.0
2921,1,0,0.0
2922,1,0,0.0
2923,1,0,0.0
2924,1,0,0.0
2925,1,0,0.0
2926,1,0,0.0
2927,1,0,0.0
2928,1,0,0.0
2929,1,0,0.0
2930,1,0,0.0
2931,1,0,0.0
2932,1,1,1.0
2933,1,0,0.0
2934,1,0,0.0
2935,1,0,0.0
2936,1,0,0.0
2937,1,0,0.0
2938,1,0,0.0
2939,1,1,1.0
2940,1,0,0.0
2941,1,1,1.0
2942,1,0,0.0
2943,1,0,0.0
2944,1,0,0.0
2945,1,0,0.0
2946,1,0,0.0
2947,1,0,0.0
2948,1,0,0.0
2949,1,1,1.0
2950,1,0,0.0
2951,1,0,0.0
2952,1,0,0.0
2953,1,0,0.0
2954,1,0,0.0
2955,1,0,0.0
2956,1,0,0.0
2957,1,0,0.0
2958,1,0,0.0
2959,1,0,0.0
2960,1,0,0.0
2961,1,0,0.0
2962,1,0,0.0
2963,1,0,0.0
2964,1,0,0.0
2965,1,0,0.0
2966,1,1,1.0
2967,1,0,0.0
2968,1,0,0.0
2969,1,0,0.0
2970,1,0,0.0
2971,1,0,0.0
2972,1,1,1.0
2973,1,0,0.0
2974,1,1,1.0
2975,1,0,0.0
2976,1,0,0.0
2977,1,0,0.0
2978,1,0,0.0
2979,1,0,0.0
2980,1,0,0.0
2981,1,0,0.0
2982,1,0,0.0
2983,1,0,0.0
2984,1,1,1.0
2985,1,1,1.0
2986,1,0,0.0
2987,1,0,0.0
2988,1,0,0.0
2989,1,0,0.0
2990,1,0,0.0
2991,1,0,0.0
2992,1,2,2.0
2993,1,0,0.0
2994,1,0,0.0
2995,1,0,0.0
2996,1,0,0.0
2997,1,0,0.0
2998,1,0,0.0
2999,1,0,0.0
3000,1,0,0.0
3001,1,1,1.0
3002,1,0,0.0
3003,1,0,0.0
3004,1,0,0.0
3005,1,0,0.0
3006,1,0,0.0
3007,1,0,0.0
3008,1,0,0.0
3009,1,0,0.0
3010,1,0,0.0
3011,1,1,1.0
3012,1,0,0.0
3013,1,0,0.0
3014,1,0,0.0
3015,1,0,0.0
3016,1,0,0.0
3017,1,1,1.0
3018,1,0,0.0
3019,1,1,1.0
3020,1,1,1.0
3021,1,0,0.0
3022,1,0,0.0
3023,1,0,0.0
3024,1,0,0.0
3025,1,0,0.0
3026,1,0,0.0
3027,1,1,1.0
3028,1,1,1.0
3029,1,0,0.0
3030,1,0,0.0
3031,1,0,0.0
3032,1,0,0.0
3033,1,0,0.0
3034,1,0,0.0
3035,1,0,0.0
3036,1,0,0.0
3037,1,0,0.0
3038,1,0,0.0
3039,1,0,0.0
3040,1,0,0.0
3041,1,0,0.0
3042,1,0,0.0
3043,1,0,0.0
3044,1,0,0.0
3045,1,0,0.0
3046,1,0,0.0
3047,1,0,0.0
3048,1,0,0.0
3049,1,0,0.0
3050,1,0,0.0
3051,1,0,0.0
3052,1,0,0.0
3053,1,0,0.0
3054,1,0,0.0
3055,1,0,0.0
3056,1,0,0.0
3057,1,0,0.0
3058,1,0,0.0
3059,1,0,0.0
3060,1,0,0.0
3061,1,0,0.0
3062,1,0,0.0
3063,1,0,0.0
3064,1,0,0.0
3065,1,0,0.0
3066,1,1,1.0
3067,1,0,0.0
3068,1,1,1.0
3069,1,0,0.0
3070,1,1,1.0
3071,1,0,0.0
3072,1,0,0.0
3073,1,0,0.0
3074,1,0,0.0
3075,1,0,0.0
3076,1,0,0.0
3077,1,0,0.0
3078,1,0,0.0
3079,1,0,0.0
3080,1,0,0.0
3081,1,0,0.0
3082,1,0,0.0
3083,1,1,1.0
3084,1,0,0.0
3085,1,0,0.0
3086,1,0,0.0
3087,1,0,0.0
3088,1,0,0.0
3089,1,0,0.0
3090,1,0,0.0
3091,1,0,0.0
3092,1,0,0.0
3093,1,0,0.0
3094,1,0,0.0
3095,1,0,0.0
3096,1,0,0.0
3097,1,0,0.0
3098,1,0,0.0
3099,1,0,0.0
3100,1,0,0.0
3101,1,0,0.0
3102,1,0,0.0
3103,1,1,1.0
3104,1,0,0.0
3105,1,0,0.0
3106,1,0,0.0
3107,1,0,0.0
3108,1,0,0.0
3109,1,0,0.0
3110,1,0,0.0
3111,1,0,0.0
3112,1,0,0.0
3113,1,0,0.0
3114,1,0,0.0
3115,1,0,0.0
3116,1,0,0.0
3117,1,0,0.0
3118,1,0,0.0
3119,1,0,0.0
3120,1,0,0.0
3121,1,1,1.0
3122,1,0,0.0
3123,1,0,0.0
3124,1,0,0.0
3125,1,0,0.0
3126,1,0,0.0
3127,1,0,0.0
3128,1,0,0.0
3129,1,0,0.0
3130,1,0,0.0
3131,1,0,0.0
3132,1,1,1.0
3133,1,2,2.0
3134,1,0,0.0
3135,1,0,0.0
3136,1,0,0.0
3137,1,0,0.0
3138,1,0,0.0
3139,1,0,0.0
3140,1,0,0.0
3141,1,0,0.0
3142,1,0,0.0
3143,1,0,0.0
3144,1,0,0.0
3145,1,0,0.0
3146,1,0,0.0
3147,1,0,0.0
3148,1,0,0.0
3149,1,0,0.0
3150,1,0,0.0
3151,1,0,0.0
3152,1,0,0.0
3153,1,0,0.0
3154,1,0,0.0
3155,1,0,0.0
3156,1,0,0.0
3157,1,0,0.0
3158,1,0,0.0
3159,1,1,1.0
3160,1,0,0.0
3161,1,0,0.0
3162,1,0,0.0
3163,1,0,0.0
3164,1,0,0.0
3165,1,0,0.0
3166,1,0,0.0
3167,1,1,1.0
3168,1,0,0.0
3169,1,2,2.0
3170,1,0,0.0
3171,1,0,0.0
3172,1,0,0.0
3173,1,0,0.0
3174,1,0,0.0
3175,1,0,0.0
3176,1,0,0.0
3177,1,0,0.0
3178,1,0,0.0
3179,1,0,0.0
3180,1,1,1.0
3181,1,0,0.0
3182,1,0,0.0
3183,1,0,0.0
3184,1,0,0.0
3185,1,0,0.0
3186,1,0,0.0
3187,1,1,1.0
3188,1,0,0.0
3189,1,0,0.0
3190,1,0,0.0
3191,1,0,0.0
3192,1,0,0.0
3193,1,0,0.0
3194,1,0,0.0
3195,1,0,0.0
3196,1,0,0.0
3197,1,0,0.0
3198,1,0,0.0
3199,1,0,0.0
3200,1,1,1.0
3201,1,0,0.0
3202,1,0,0.0
3203,1,0,0.0
3204,1,0,0.0
3205,1,0,0.0
3206,1,0,0.0
3207,1,0,0.0
3208,1,0,0.0
3209,1,0,0.0
3210,1,0,0.0
3211,1,0,0.0
3212,1,0,0.0
3213,1,2,2.0
3214,1,0,0.0
3215,1,0,0.0
3216,1,0,0.0
3217,1,0,0.0
3218,1,0,0.0
3219,1,0,0.0
3220,1,0,0.0
3221,1,0,0.0
3222,1,0,0.0
3223,1,0,0.0
3224,1,0,0.0
3225,1,0,0.0
3226,1,0,0.0
3227,1,0,0.0
3228,1,0,0.0
3229,1,0,0.0
3230,1,0,0.0
3231,1,0,0.0
3232,1,0,0.0
3233,1,1,1.0
3234,1,0,0.0
3235,1,0,0.0
3236,1,0,0.0
3237,1,1,1.0
3238,1,1,1.0
3239,1,0,0.0
3240,1,0,0.0
3241,1,0,0.0
3242,1,0,0.0
3243,1,0,0.0
3244,1,1,1.0
3245,1,0,0.0
3246,1,0,0.0
3247,1,0,0.0
3248,1,0,0.0
3249,1,0,0.0
3250,1,0,0.0
3251,1,0,0.0
3252,1,0,0.0
3253,1,0,0.0
3254,1,0,0.0
3255,1,0,0.0
3256,1,1,1.0
3257,1,0,0.0
3258,1,0,0.0
3259,1,0,0.0
3260,1,0,0.0
3261,1,0,0.0
3262,1,0,0.0
3263,1,1,1.0
3264,1,1,1.0
3265,1,0,0.0
3266,1,0,0.0
3267,1,0,0.0
3268,1,0,0.0
3269,1,0,0.0
3270,1,0,0.0
3271,1,0,0.0
3272,1,0,0.0
3273,1,0,0.0
3274,1,0,0.0
3275,1,0,0.0
3276,1,0,0.0
3277,1,0,0.0
3278,1,0,0.0
3279,1,0,0.0
3280,1,0,0.0
3281,1,0,0.0
3282,1,0,0.0
3283,1,0,0.0
3284,1,1,1.0
3285,1,0,0.0
3286,1,0,0.0
3287,1,0,0.0
3288,1,0,0.0
3289,1,0,0.0
3290,1,0,0.0
3291,1,1,1.0
3292,1,0,0.0
3293,1,0,0.0
3294,1,0,0.0
3295,1,0,0.0
3296,1,1,1.0
3297,1,1,1.0
3298,1,0,0.0
3299,1,0,0.0
3300,1,1,1.0
3301,1,0,0.0
3302,1,0,0.0
3303,1,0,0.0
3304,1,0,0.0
3305,1,0,0.0
3306,1,0,0.0
3307,1,0,0.0
3308,1,0,0.0
3309,1,0,0.0
3310,1,0,0.0
3311,1,0,0.0
3312,1,0,0.0
3313,1,0,0.0
3314,1,0,0.0
3315,1,0,0.0
3316,1,0,0.0
3317,1,0,0.0
3318,1,0,0.0
3319,1,0,0.0
3320,1,0,0.0
3321,1,0,0.0
3322,1,0,0.0
3323,1,0,0.0
3324,1,0,0.0
3325,1,0,0.0
3326,1,0,0.0
3327,1,0,0.0
3328,1,0,0.0
3329,1,0,0.0
3330,1,0,0.0
3331,1,0,0.0
3332,1,0,0.0
3333,1,1,1.0
3334,1,0,0.0
3335,1,0,0.0
3336,1,0,0.0
3337,1,0,0.0
3338,1,0,0.0
3339,1,0,0.0
3340,1,1,1.0
3341,1,0,0.0
3342,1,0,0.0
3343,1,0,0.0
3344,1,0,0.0
3345,1,0,0.0
3346,1,0,0.0
3347,1,0,0.0
3348,1,0,0.0
3349,1,0,0.0
3350,1,0,0.0
3351,1,1,1.0
3352,1,0,0.0
3353,1,1,1.0
3354,1,0,0.0
3355,1,0,0.0
3356,1,0,0.0
3357,1,0,0.0
3358,1,0,0.0
3359,1,1,1.0
3360,1,1,1.0
3361,1,0,0.0
3362,1,0,0.0
3363,1,0,0.0
3364,1,0,0.0
3365,1,1,1.0
3366,1,0,0.0
3367,1,0,0.0
3368,1,0,0.0
3369,1,0,0.0
3370,1,0,0.0
3371,1,0,0.0
3372,1,0,0.0
3373,1,0,0.0
3374,1,0,0.0
3375,1,0,0.0
3376,1,1,1.0
3377,1,0,0.0
3378,1,0,0.0
3379,1,0,0.0
3380,1,0,0.0
3381,1,0,0.0
3382,1,0,0.0
3383,1,0,0.0
3384,1,0,0.0
3385,1,0,0.0
3386,1,0,0.0
3387,1,0,0.0
3388,1,0,0.0
3389,1,0,0.0
3390,1,0,0.0
3391,1,0,0.0
3392,1,1,1.0
3393,1,0,0.0
3394,1,0,0.0
3395,1,0,0.0
3396,1,1,1.0
3397,1,0,0.0
3398,1,0,0.0
3399,1,0,0.0
3400,1,0,0.0
3401,1,1,1.0
3402,1,0,0.0
3403,1,0,0.0
3404,1,1,1.0
3405,1,0,0.0
3406,1,0,0.0
3407,1,0,0.0
3408,1,0,0.0
3409,1,0,0.0
3410,1,0,0.0
3411,1,0,0.0
3412,1,0,0.0
3413,1,0,0.0
3414,1,1,1.0
3415,1,0,0.0
3416,1,0,0.0
3417,1,0,0.0
3418,1,0,0.0
3419,1,0,0.0
3420,1,0,0.0
3421,1,0,0.0
3422,1,0,0.0
3423,1,0,0.0
3424,1,0,0.0
3425,1,0,0.0
3426,1,0,0.0
3427,1,0,0.0
3428,1,0,0.0
3429,1,0,0.0
3430,1,0,0.0
3431,1,0,0.0
3432,1,0,0.0
3433,1,0,0.0
3434,1,0,0.0
3435,1,0,0.0
3436,1,0,0.0
3437,1,0,0.0
3438,1,0,0.0
3439,1,0,0.0
3440,1,0,0.0
3441,1,0,0.0
3442,1,0,0.0
3443,1,0,0.0
3444,1,0,0.0
3445,1,0,0.0
3446,1,0,0.0
3447,1,0,0.0
3448,1,0,0.0
3449,1,0,0.0
3450,1,0,0.0
3451,1,0,0.0
3452,1,1,1.0
3453,1,0,0.0
3454,1,0,0.0
3455,1,0,0.0
3456,1,0,0.0
3457,1,0,0.0
3458,1,0,0.0
3459,1,0,0.0
3460,1,1,1.0
3461,1,0,0.0
3462,1,0,0.0
3463,1,0,0.0
3464,1,0,0.0
3465,1,0,0.0
3466,1,0,0.0
3467,1,0,0.0
3468,1,0,0.0
3469,1,0,0.0
3470,1,0,0.0
3471,1,0,0.0
3472,1,0,0.0
3473,1,0,0.0
3474,1,0,0.0
3475,1,0,0.0
3476,1,1,1.0
3477,1,0,0.0
3478,1,1,1.0
3479,1,0,0.0
3480,1,0,0.0
3481,1,1,1.0
3482,1,0,0.0
3483,1,0,0.0
3484,1,0,0.0
3485,1,0,0.0
3486,1,0,0.0
3487,1,0,0.0
3488,1,1,1.0
3489,1,0,0.0
3490,1,0,0.0
3491,1,1,1.0
3492,1,0,0.0
3493,1,0,0.0
3494,1,0,0.0
3495,1,1,1.0
3496,1,0,0.0
3497,1,0,0.0
3498,1,0,0.0
3499,1,0,0.0
3500,1,0,0.0
3501,1,0,0.0
3502,1,0,0.0
3503,1,0,0.0
3504,1,0,0.0
3505,1,1,1.0
3506,1,0,0.0
3507,1,0,0.0
3508,1,0,0.0
3509,1,0,0.0
3510,1,0,0.0
3511,1,0,0.0
3512,1,0,0.0
3513,1,0,0.0
3514,1,0,0.0
3515,1,0,0.0
3516,1,0,0.0
3517,1,0,0.0
3518,1,0,0.0
3519,1,0,0.0
3520,1,0,0.0
3521,1,0,0.0
3522,1,0,0.0
3523,1,0,0.0
3524,1,0,0.0
3525,1,0,0.0
3526,1,0,0.0
3527,1,0,0.0
3528,1,0,0.0
3529,1,0,0.0
3530,1,0,0.0
3531,1,0,0.0
3532,1,0,0.0
3533,1,0,0.0
3534,1,0,0.0
3535,1,0,0.0
3536,1,0,0.0
3537,1,0,0.0
3538,1,0,0.0
3539,1,0,0.0
3540,1,0,0.0
3541,1,0,0.0
3542,1,0,0.0
3543,1,0,0.0
3544,1,0,0.0
3545,1,0,0.0
3546,1,0,0.0
3547,1,0,0.0
3548,1,0,0.0
3549,1,0,0.0
3550,1,0,0.0
3551,1,0,0.0
3552,1,0,0.0
3553,1,0,0.0
3554,1,0,0.0
3555,1,0,0.0
3556,1,0,0.0
3557,1,0,0.0
3558,1,0,0.0
3559,1,0,0.0
3560,1,0,0.0
3561,1,0,0.0
3562,1,2,2.0
3563,1,0,0.0
3564,1,0,0.0
3565,1,0,0.0
3566,1,0,0.0
3567,1,0,0.0
3568,1,0,0.0
3569,1,0,0.0
3570,1,0,0.0
3571,1,0,0.0
3572,1,0,0.0
3573,1,0,0.0
3574,1,0,0.0
3575,1,0,0.0
3576,1,0,0.0
3577,1,0,0.0
3578,1,0,0.0
3579,1,0,0.0
3580,1,0,0.0
3581,1,1,1.0
3582,1,0,0.0
3583,1,0,0.0
3584,1,0,0.0
3585,1,0,0.0
3586,1,0,0.0
3587,1,0,0.0
3588,1,0,0.0
3589,1,0,0.0
3590,1,0,0.0
3591,1,0,0.0
3592,1,0,0.0
3593,1,0,0.0
3594,1,1,1.0
3595,1,0,0.0
3596,1,0,0.0
3597,1,0,0.0
3598,1,0,0.0
3599,1,0,0.0
3600,1,0,0.0
3601,1,0,0.0
3602,1,0,0.0
3603,1,0,0.0
3604,1,0,0.0
3605,1,0,0.0
3606,1,0,0.0
3607,1,0,0.0
3608,1,0,0.0
3609,1,0,0.0
3610,1,0,0.0
3611,1,0,0.0
3612,1,0,0.0
3613,1,0,0.0
3614,1,0,0.0
3615,1,0,0.0
3616,1,1,1.0
3617,1,0,0.0
3618,1,0,0.0
3619,1,0,0.0
3620,1,0,0.0
3621,1,0,0.0
3622,1,0,0.0
3623,1,0,0.0
3624,1,0,0.0
3625,1,0,0.0
3626,1,0,0.0
3627,1,0,0.0
3628,1,0,0.0
3629,1,0,0.0
3630,1,1,1.0
3631,1,0,0.0
3632,1,0,0.0
3633,1,0,0.0
3634,1,0,0.0
3635,1,0,0.0
3636,1,0,0.0
3637,1,0,0.0
3638,1,0,0.0
3639,1,0,0.0
3640,1,0,0.0
3641,1,0,0.0
3642,1,0,0.0
3643,1,0,0.0
3644,1,0,0.0
3645,1,0,0.0
3646,1,0,0.0
3647,1,0,0.0
3648,1,0,0.0
3649,1,0,0.0
3650,1,0,0.0
3651,1,0,0.0
3652,1,0,0.0
3653,1,0,0.0
3654,1,0,0.0
3655,1,1,1.0
3656,1,0,0.0
3657,1,1,1.0
3658,1,0,0.0
3659,1,0,0.0
3660,1,0,0.0
3661,1,0,0.0
3662,1,1,1.0
3663,1,0,0.0
3664,1,0,0.0
3665,1,0,0.0
3666,1,0,0.0
3667,1,0,0.0
3668,1,0,0.0
3669,1,0,0.0
3670,1,0,0.0
3671,1,0,0.0
3672,1,0,0.0
3673,1,0,0.0
3674,1,0,0.0
3675,1,0,0.0
3676,1,0,0.0
3677,1,0,0.0
3678,1,0,0.0
3679,1,0,0.0
3680,1,0,0.0
3681,1,0,0.0
3682,1,1,1.0
3683,1,0,0.0
3684,1,0,0.0
3685,1,0,0.0
3686,1,0,0.0
3687,1,0,0.0
3688,1,0,0.0
3689,1,0,0.0
3690,1,0,0.0
3691,1,0,0.0
3692,1,0,0.0
3693,1,0,0.0
3694,1,0,0.0
3695,1,0,0.0
3696,1,1,1.0
3697,1,0,0.0
3698,1,1,1.0
3699,1,0,0.0
3700,1,0,0.0
3701,1,0,0.0
3702,1,0,0.0
3703,1,0,0.0
3704,1,0,0.0
3705,1,0,0.0
3706,1,0,0.0
3707,1,0,0.0
3708,1,0,0.0
3709,1,0,0.0
3710,1,0,0.0
3711,1,0,0.0
3712,1,0,0.0
3713,1,0,0.0
3714,1,0,0.0
3715,1,0,0.0
3716,1,0,0.0
3717,1,0,0.0
3718,1,0,0.0
3719,1,0,0.0
3720,1,0,0.0
3721,1,0,0.0
3722,1,0,0.0
3723,1,0,0.0
3724,1,0,0.0
3725,1,0,0.0
3726,1,0,0.0
3727,1,0,0.0
3728,1,0,0.0
3729,1,0,0.0
3730,1,0,0.0
3731,1,1,1.0
3732,1,0,0.0
3733,1,0,0.0
3734,1,0,0.0
3735,1,0,0.0
3736,1,0,0.0
3737,1,0,0.0
3738,1,1,1.0
3739,1,0,0.0
3740,1,0,0.0
3741,1,0,0.0
3742,1,0,0.0
3743,1,1,1.0
3744,1,0,0.0
3745,1,0,0.0
3746,1,0,0.0
3747,1,0,0.0
3748,1,0,0.0
3749,1,0,0.0
3750,1,0,0.0
3751,1,0,0.0
3752,1,0,0.0
3753,1,0,0.0
3754,1,0,0.0
3755,1,1,1.0
3756,1,0,0.0
3757,1,0,0.0
3758,1,0,0.0
3759,1,0,0.0
3760,1,0,0.0
3761,1,0,0.0
3762,1,0,0.0
3763,1,0,0.0
3764,1,0,0.0
3765,1,0,0.0
3766,1,0,0.0
3767,1,1,1.0
3768,1,0,0.0
3769,1,0,0.0
3770,1,0,0.0
3771,1,0,0.0
3772,1,0,0.0
3773,1,0,0.0
3774,1,0,0.0
3775,1,0,0.0
3776,1,0,0.0
3777,1,0,0.0
3778,1,1,1.0
3779,1,1,1.0
3780,1,0,0.0
3781,1,1,1.0
3782,1,0,0.0
3783,1,0,0.0
3784,1,0,0.0
3785,1,0,0.0
3786,1,0,0.0
3787,1,2,2.0
3788,1,0,0.0
3789,1,1,1.0
3790,1,0,0.0
3791,1,0,0.0
3792,1,0,0.0
3793,1,0,0.0
3794,1,0,0.0
3795,1,0,0.0
3796,1,0,0.0
3797,1,0,0.0
3798,1,0,0.0
3799,1,0,0.0
3800,1,1,1.0
3801,1,0,0.0
3802,1,1,1.0
3803,1,0,0.0
3804,1,0,0.0
3805,1,0,0.0
3806,1,0,0.0
3807,1,0,0.0
3808,1,0,0.0
3809,1,0,0.0
3810,1,0,0.0
3811,1,0,0.0
3812,1,0,0.0
3813,1,1,1.0
3814,1,0,0.0
3815,1,0,0.0
3816,1,0,0.0
3817,1,0,0.0
3818,1,0,0.0
3819,1,0,0.0
3820,1,0,0.0
3821,1,0,0.0
3822,1,0,0.0
3823,1,1,1.0
3824,1,0,0.0
3825,1,2,2.0
3826,1,0,0.0
3827,1,0,0.0
3828,1,1,1.0
3829,1,0,0.0
3830,1,0,0.0
3831,1,0,0.0
3832,1,0,0.0
3833,1,0,0.0
3834,1,0,0.0
3835,1,0,0.0
3836,1,0,0.0
3837,1,0,0.0
3838,1,0,0.0
3839,1,0,0.0
3840,1,1,1.0
3841,1,0,0.0
3842,1,0,0.0
3843,1,0,0.0
3844,1,0,0.0
3845,1,1,1.0
3846,1,0,0.0
3847,1,0,0.0
3848,1,0,0.0
3849,1,0,0.0
3850,1,0,0.0
3851,1,1,1.0
3852,1,0,0.0
3853,1,0,0.0
3854,1,0,0.0
3855,1,0,0.0
3856,1,0,0.0
3857,1,0,0.0
3858,1,0,0.0
3859,1,0,0.0
3860,1,0,0.0
3861,1,0,0.0
3862,1,0,0.0
3863,1,0,0.0
3864,1,1,1.0
3865,1,0,0.0
3866,1,0,0.0
3867,1,0,0.0
3868,1,1,1.0
3869,1,0,0.0
3870,1,0,0.0
3871,1,0,0.0
3872,1,0,0.0
3873,1,0,0.0
3874,1,1,1.0
3875,1,0,0.0
3876,1,0,0.0
3877,1,0,0.0
3878,1,0,0.0
3879,1,0,0.0
3880,1,0,0.0
3881,1,0,0.0
3882,1,0,0.0
3883,1,0,0.0
3884,1,0,0.0
3885,1,0,0.0
3886,1,1,1.0
3887,1,0,0.0
3888,1,0,0.0
3889,1,0,0.0
3890,1,1,1.0
3891,1,0,0.0
3892,1,0,0.0
3893,1,0,0.0
3894,1,0,0.0
3895,1,1,1.0
3896,1,0,0.0
3897,1,0,0.0
3898,1,0,0.0
3899,1,1,1.0
3900,1,0,0.0
3901,1,1,1.0
3902,1,0,0.0
3903,1,0,0.0
3904,1,0,0.0
3905,1,0,0.0
3906,1,1,1.0
3907,1,0,0.0
3908,1,0,0.0
3909,1,0,0.0
3910,1,0,0.0
3911,1,0,0.0
3912,1,0,0.0
3913,1,1,1.0
3914,1,0,0.0
3915,1,0,0.0
3916,1,0,0.0
3917,1,0,0.0
3918,1,0,0.0
3919,1,0,0.0
3920,1,0,0.0
3921,1,0,0.0
3922,1,0,0.0
3923,1,0,0.0
3924,1,0,0.0
3925,1,0,0.0
3926,1,1,1.0
3927,1,0,0.0
3928,1,0,0.0
3929,1,1,1.0
3930,1,0,0.0
3931,1,0,0.0
3932,1,0,0.0
3933,1,0,0.0
3934,1,0,0.0
3935,1,1,1.0
3936,1,0,0.0
3937,1,1,1.0
3938,1,0,0.0
3939,1,0,0.0
3940,1,0,0.0
3941,1,0,0.0
3942,1,0,0.0
3943,1,0,0.0
3944,1,0,0.0
3945,1,0,0.0
3946,1,0,0.0
3947,1,0,0.0
3948,1,0,0.0
3949,1,0,0.0
3950,1,0,0.0
3951,1,0,0.0
3952,1,0,0.0
3953,1,1,1.0
3954,1,0,0.0
3955,1,0,0.0
3956,1,0,0.0
3957,1,1,1.0
3958,1,0,0.0
3959,1,0,0.0
3960,1,0,0.0
3961,1,0,0.0
3962,1,0,0.0
3963,1,0,0.0
3964,1,0,0.0
3965,1,0,0.0
3966,1,0,0.0
3967,1,0,0.0
3968,1,0,0.0
3969,1,0,0.0
3970,1,0,0.0
3971,1,0,0.0
3972,1,0,0.0
3973,1,1,1.0
3974,1,0,0.0
3975,1,0,0.0
3976,1,0,0.0
3977,1,0,0.0
3978,1,0,0.0
3979,1,0,0.0
3980,1,0,0.0
3981,1,0,0.0
3982,1,0,0.0
3983,1,0,0.0
3984,1,0,0.0
3985,1,0,0.0
3986,1,0,0.0
3987,1,0,0.0
3988,1,0,0.0
3989,1,0,0.0
3990,1,0,0.0
3991,1,0,0.0
3992,1,0,0.0
3993,1,0,0.0
3994,1,0,0.0
3995,1,0,0.0
3996,1,0,0.0
3997,1,0,0.0
3998,1,1,1.0
3999,1,0,0.0
4000,1,0,0.0
4001,1,1,1.0
4002,1,0,0.0
4003,1,0,0.0
4004,1,0,0.0
4005,1,0,0.0
4006,1,0,0.0
4007,1,0,0.0
4008,1,0,0.0
4009,1,0,0.0
4010,1,0,0.0
4011,1,0,0.0
4012,1,0,0.0
4013,1,0,0.0
4014,1,0,0.0
4015,1,0,0.0
4016,1,0,0.0
4017,1,0,0.0
4018,1,0,0.0
4019,1,0,0.0
4020,1,0,0.0
4021,1,0,0.0
4022,1,0,0.0
4023,1,0,0.0
4024,1,0,0.0
4025,1,0,0.0
4026,1,1,1.0
4027,1,0,0.0
4028,1,0,0.0
4029,1,0,0.0
4030,1,0,0.0
4031,1,1,1.0
4032,1,0,0.0
4033,1,0,0.0
4034,1,0,0.0
4035,1,1,1.0
4036,1,0,0.0
4037,1,0,0.0
4038,1,0,0.0
4039,1,0,0.0
4040,1,0,0.0
4041,1,0,0.0
4042,1,0,0.0
4043,1,0,0.0
4044,1,0,0.0
4045,1,0,0.0
4046,1,1,1.0
4047,1,0,0.0
4048,1,0,0.0
4049,1,0,0.0
4050,1,0,0.0
4051,1,0,0.0
4052,1,1,1.0
4053,1,0,0.0
4054,1,0,0.0
4055,1,0,0.0
4056,1,0,0.0
4057,1,0,0.0
4058,1,0,0.0
4059,1,0,0.0
4060,1,0,0.0
4061,1,0,0.0
4062,1,0,0.0
4063,1,0,0.0
4064,1,0,0.0
4065,1,0,0.0
4066,1,0,0.0
4067,1,0,0.0
4068,1,0,0.0
4069,1,0,0.0
4070,1,0,0.0
4071,1,1,1.0
4072,1,0,0.0
4073,1,0,0.0
4074,1,0,0.0
4075,1,1,1.0
4076,1,0,0.0
4077,1,0,0.0
4078,1,0,0.0
4079,1,0,0.0
4080,1,0,0.0
4081,1,0,0.0
4082,1,0,0.0
4083,1,0,0.0
4084,1,0,0.0
4085,1,0,0.0
4086,1,0,0.0
4087,1,1,1.0
4088,1,0,0.0
4089,1,0,0.0
4090,1,0,0.0
4091,1,0,0.0
4092,1,0,0.0
4093,1,0,0.0
4094,1,0,0.0
4095,1,0,0.0
4096,1,0,0.0
4097,1,0,0.0
4098,1,1,1.0
4099,1,0,0.0
4100,1,0,0.0
4101,1,0,0.0
4102,1,0,0.0
4103,1,0,0.0
4104,1,0,0.0
4105,1,0,0.0
4106,1,0,0.0
4107,1,0,0.0
4108,1,0,0.0
4109,1,0,0.0
4110,1,0,0.0
4111,1,1,1.0
4112,1,0,0.0
4113,1,1,1.0
4114,1,0,0.0
4115,1,0,0.0
4116,1,0,0.0
4117,1,0,0.0
4118,1,0,0.0
4119,1,0,0.0
4120,1,0,0.0
4121,1,0,0.0
4122,1,0,0.0
4123,1,0,0.0
4124,1,0,0.0
4125,1,0,0.0
4126,1,0,0.0
4127,1,0,0.0
4128,1,1,1.0
4129,1,0,0.0
4130,1,0,0.0
4131,1,0,0.0
4132,1,0,0.0
4133,1,0,0.0
4134,1,0,0.0
4135,1,1,1.0
4136,1,0,0.0
4137,1,1,1.0
4138,1,0,0.0
4139,1,1,1.0
4140,1,0,0.0
4141,1,0,0.0
4142,1,0,0.0
4143,1,0,0.0
4144,1,0,0.0
4145,1,0,0.0
4146,1,0,0.0
4147,1,0,0.0
4148,1,0,0.0
4149,1,0,0.0
4150,1,0,0.0
4151,1,0,0.0
4152,1,0,0.0
4153,1,0,0.0
4154,1,0,0.0
4155,1,0,0.0
4156,1,0,0.0
4157,1,0,0.0
4158,1,0,0.0
4159,1,0,0.0
4160,1,0,0.0
4161,1,0,0.0
4162,1,0,0.0
4163,1,0,0.0
4164,1,0,0.0
4165,1,0,0.0
4166,1,0,0.0
4167,1,0,0.0
4168,1,0,0.0
4169,1,0,0.0
4170,1,0,0.0
4171,1,0,0.0
4172,1,0,0.0
4173,1,0,0.0
4174,1,0,0.0
4175,1,0,0.0
4176,1,0,0.0
4177,1,0,0.0
4178,1,0,0.0
4179,1,0,0.0
4180,1,1,1.0
4181,1,0,0.0
4182,1,0,0.0
4183,1,0,0.0
4184,1,0,0.0
4185,1,0,0.0
4186,1,0,0.0
4187,1,0,0.0
4188,1,0,0.0
4189,1,0,0.0
4190,1,0,0.0
4191,1,0,0.0
4192,1,0,0.0
4193,1,0,0.0
4194,1,0,0.0
4195,1,0,0.0
4196,1,1,1.0
4197,1,0,0.0
4198,1,0,0.0
4199,1,0,0.0
4200,1,0,0.0
4201,1,0,0.0
4202,1,0,0.0
4203,1,0,0.0
4204,1,0,0.0
4205,1,0,0.0
4206,1,0,0.0
4207,1,0,0.0
4208,1,0,0.0
4209,1,0,0.0
4210,1,0,0.0
4211,1,1,1.0
4212,1,1,1.0
4213,1,0,0.0
4214,1,0,0.0
4215,1,0,0.0
4216,1,0,0.0
4217,1,0,0.0
4218,1,0,0.0
4219,1,0,0.0
4220,1,0,0.0
4221,1,0,0.0
4222,1,0,0.0
4223,1,0,0.0
4224,1,0,0.0
4225,1,0,0.0
4226,1,0,0.0
4227,1,0,0.0
4228,1,0,0.0
4229,1,0,0.0
4230,1,0,0.0
4231,1,0,0.0
4232,1,0,0.0
4233,1,0,0.0
4234,1,0,0.0
4235,1,0,0.0
4236,1,0,0.0
4237,1,0,0.0
4238,1,1,1.0
4239,1,0,0.0
4240,1,0,0.0
4241,1,0,0.0
4242,1,0,0.0
4243,1,0,0.0
4244,1,0,0.0
4245,1,0,0.0
4246,1,0,0.0
4247,1,0,0.0
4248,1,0,0.0
4249,1,0,0.0
4250,1,0,0.0
4251,1,0,0.0
4252,1,0,0.0
4253,1,0,0.0
4254,1,0,0.0
4255,1,1,1.0
4256,1,0,0.0
4257,1,0,0.0
4258,1,0,0.0
4259,1,0,0.0
4260,1,0,0.0
4261,1,0,0.0
4262,1,0,0.0
4263,1,0,0.0
4264,1,0,0.0
4265,1,0,0.0
4266,1,0,0.0
4267,1,0,0.0
4268,1,0,0.0
4269,1,1,1.0
4270,1,0,0.0
4271,1,0,0.0
4272,1,0,0.0
4273,1,0,0.0
4274,1,0,0.0
4275,1,0,0.0
4276,1,0,0.0
4277,1,0,0.0
4278,1,0,0.0
4279,1,0,0.0
4280,1,0,0.0
4281,1,0,0.0
4282,1,0,0.0
4283,1,0,0.0
4284,1,0,0.0
4285,1,0,0.0
4286,1,0,0.0
4287,1,0,0.0
4288,1,0,0.0
4289,1,0,0.0
4290,1,0,0.0
4291,1,0,0.0
4292,1,0,0.0
4293,1,1,1.0
4294,1,0,0.0
4295,1,0,0.0
4296,1,0,0.0
4297,1,0,0.0
4298,1,0,0.0
4299,1,0,0.0
4300,1,0,0.0
4301,1,0,0.0
4302,1,0,0.0
4303,1,0,0.0
4304,1,0,0.0
4305,1,0,0.0
4306,1,0,0.0
4307,1,0,0.0
4308,1,0,0.0
4309,1,0,0.0
4310,1,0,0.0
4311,1,1,1.0
4312,1,0,0.0
4313,1,0,0.0
4314,1,0,0.0
4315,1,0,0.0
4316,1,0,0.0
4317,1,0,0.0
4318,1,0,0.0
4319,1,0,0.0
4320,1,0,0.0
4321,1,0,0.0
4322,1,0,0.0
4323,1,0,0.0
4324,1,1,1.0
4325,1,0,0.0
4326,1,0,0.0
4327,1,0,0.0
4328,1,0,0.0
4329,1,1,1.0
4330,1,0,0.0
4331,1,0,0.0
4332,1,0,0.0
4333,1,0,0.0
4334,1,0,0.0
4335,1,0,0.0
4336,1,0,0.0
4337,1,0,0.0
4338,1,0,0.0
4339,1,0,0.0
4340,1,0,0.0
4341,1,0,0.0
4342,1,0,0.0
4343,1,0,0.0
4344,1,0,0.0
4345,1,0,0.0
4346,1,1,1.0
4347,1,0,0.0
4348,1,0,0.0
4349,1,0,0.0
4350,1,0,0.0
4351,1,0,0.0
4352,1,0,0.0
4353,1,1,1.0
4354,1,0,0.0
4355,1,0,0.0
4356,1,0,0.0
4357,1,0,0.0
4358,1,0,0.0
4359,1,0,0.0
4360,1,0,0.0
4361,1,0,0.0
4362,1,0,0.0
4363,1,0,0.0
4364,1,0,0.0
4365,1,0,0.0
4366,1,0,0.0
4367,1,0,0.0
4368,1,1,1.0
4369,1,0,0.0
4370,1,0,0.0
4371,1,0,0.0
4372,1,0,0.0
4373,1,0,0.0
4374,1,0,0.0
4375,1,0,0.0
4376,1,0,0.0
4377,1,0,0.0
4378,1,0,0.0
4379,1,0,0.0
4380,1,0,0.0
4381,1,0,0.0
4382,1,0,0.0
4383,1,0,0.0
4384,1,0,0.0
4385,1,0,0.0
4386,1,0,0.0
4387,1,0,0.0
4388,1,0,0.0
4389,1,0,0.0
4390,1,0,0.0
4391,1,0,0.0
4392,1,0,0.0
4393,1,0,0.0
4394,1,0,0.0
4395,1,0,0.0
4396,1,1,1.0
4397,1,0,0.0
4398,1,0,0.0
4399,1,0,0.0
4400,1,1,1.0
4401,1,0,0.0
4402,1,0,0.0
4403,1,0,0.0
4404,1,0,0.0
4405,1,0,0.0
4406,1,0,0.0
4407,1,0,0.0
4408,1,0,0.0
4409,1,0,0.0
4410,1,0,0.0
4411,1,0,0.0
4412,1,1,1.0
4413,1,0,0.0
4414,1,0,0.0
4415,1,0,0.0
4416,1,1,1.0
4417,1,0,0.0
4418,1,0,0.0
4419,1,0,0.0
4420,1,0,0.0
4421,1,0,0.0
4422,1,0,0.0
4423,1,0,0.0
4424,1,0,0.0
4425,1,0,0.0
4426,1,0,0.0
4427,1,0,0.0
4428,1,0,0.0
4429,1,0,0.0
4430,1,0,0.0
4431,1,0,0.0
4432,1,0,0.0
4433,1,0,0.0
4434,1,0,0.0
4435,1,1,1.0
4436,1,0,0.0
4437,1,0,0.0
4438,1,1,1.0
4439,1,0,0.0
4440,1,0,0.0
4441,1,0,0.0
4442,1,0,0.0
4443,1,0,0.0
4444,1,0,0.0
4445,1,0,0.0
4446,1,0,0.0
4447,1,0,0.0
4448,1,1,1.0
4449,1,0,0.0
4450,1,0,0.0
4451,1,0,0.0
4452,1,0,0.0
4453,1,0,0.0
4454,1,0,0.0
4455,1,0,0.0
4456,1,0,0.0
4457,1,0,0.0
4458,1,0,0.0
4459,1,0,0.0
4460,1,0,0.0
4461,1,0,0.0
4462,1,0,0.0
4463,1,0,0.0
4464,1,0,0.0
4465,1,0,0.0
4466,1,1,1.0
4467,1,0,0.0
4468,1,1,1.0
4469,1,0,0.0
4470,1,0,0.0
4471,1,0,0.0
4472,1,0,0.0
4473,1,0,0.0
4474,1,0,0.0
4475,1,0,0.0
4476,1,0,0.0
4477,1,1,1.0
4478,1,0,0.0
4479,1,0,0.0
4480,1,0,0.0
4481,1,0,0.0
4482,1,1,1.0
4483,1,1,1.0
4484,1,0,0.0
4485,1,0,0.0
4486,1,0,0.0
4487,1,0,0.0
4488,1,0,0.0
4489,1,0,0.0
4490,1,0,0.0
4491,1,0,0.0
4492,1,0,0.0
4493,1,0,0.0
4494,1,0,0.0
4495,1,0,0.0
4496,1,0,0.0
4497,1,0,0.0
4498,1,0,0.0
4499,1,1,1.0
4500,1,0,0.0
4501,1,0,0.0
4502,1,0,0.0
4503,1,0,0.0
4504,1,0,0.0
4505,1,1,1.0
4506,1,0,0.0
4507,1,0,0.0
4508,1,1,1.0
4509,1,0,0.0
4510,1,0,0.0
4511,1,0,0.0
4512,1,0,0.0
4513,1,0,0.0
4514,1,0,0.0
4515,1,0,0.0
4516,1,0,0.0
4517,1,0,0.0
4518,1,0,0.0
4519,1,0,0.0
4520,1,0,0.0
4521,1,0,0.0
4522,1,0,0.0
4523,1,0,0.0
4524,1,0,0.0
4525,1,0,0.0
4526,1,0,0.0
4527,1,0,0.0
4528,1,0,0.0
4529,1,0,0.0
4530,1,0,0.0
4531,1,0,0.0
4532,1,0,0.0
4533,1,0,0.0
4534,1,0,0.0
4535,1,0,0.0
4536,1,0,0.0
4537,1,0,0.0
4538,1,0,0.0
4539,1,1,1.0
4540,1,0,0.0
4541,1,1,1.0
4542,1,0,0.0
4543,1,0,0.0
4544,1,0,0.0
4545,1,0,0.0
4546,1,0,0.0
4547,1,0,0.0
4548,1,0,0.0
4549,1,0,0.0
4550,1,0,0.0
4551,1,0,0.0
4552,1,0,0.0
4553,1,0,0.0
4554,1,0,0.0
4555,1,0,0.0
4556,1,0,0.0
4557,1,0,0.0
4558,1,0,0.0
4559,1,0,0.0
4560,1,0,0.0
4561,1,0,0.0
4562,1,0,0.0
4563,1,0,0.0
4564,1,0,0.0
4565,1,0,0.0
4566,1,0,0.0
4567,1,0,0.0
4568,1,0,0.0
4569,1,0,0.0
4570,1,0,0.0
4571,1,0,0.0
4572,1,0,0.0
4573,1,0,0.0
4574,1,0,0.0
4575,1,1,1.0
4576,1,0,0.0
4577,1,0,0.0
4578,1,0,0.0
4579,1,0,0.0
4580,1,0,0.0
4581,1,0,0.0
4582,1,0,0.0
4583,1,0,0.0
4584,1,0,0.0
4585,1,0,0.0
4586,1,0,0.0
4587,1,1,1.0
4588,1,0,0.0
4589,1,0,0.0
4590,1,0,0.0
4591,1,0,0.0
4592,1,0,0.0
4593,1,0,0.0
4594,1,0,0.0
4595,1,1,1.0
4596,1,0,0.0
4597,1,0,0.0
4598,1,0,0.0
4599,1,0,0.0
4600,1,0,0.0
4601,1,0,0.0
4602,1,0,0.0
4603,1,0,0.0
4604,1,0,0.0
4605,1,0,0.0
4606,1,0,0.0
4607,1,1,1.0
4608,1,0,0.0
4609,1,0,0.0
4610,1,0,0.0
4611,1,0,0.0
4612,1,0,0.0
4613,1,1,1.0
4614,1,0,0.0
4615,1,1,1.0
4616,1,0,0.0
4617,1,0,0.0
4618,1,0,0.0
4619,1,0,0.0
4620,1,1,1.0
4621,1,0,0.0
4622,1,0,0.0
4623,1,0,0.0
4624,1,0,0.0
4625,1,0,0.0
4626,1,0,0.0
4627,1,0,0.0
4628,1,0,0.0
4629,1,0,0.0
4630,1,0,0.0
4631,1,0,0.0
4632,1,0,0.0
4633,1,0,0.0
4634,1,0,0.0
4635,1,0,0.0
4636,1,0,0.0
4637,1,0,0.0
4638,1,0,0.0
4639,1,0,0.0
4640,1,0,0.0
4641,1,0,0.0
4642,1,0,0.0
4643,1,0,0.0
4644,1,0,0.0
4645,1,0,0.0
4646,1,0,0.0
4647,1,0,0.0
4648,1,0,0.0
4649,1,0,0.0
4650,1,0,0.0
4651,1,0,0.0
4652,1,0,0.0
4653,1,0,0.0
4654,1,0,0.0
4655,1,0,0.0
4656,1,0,0.0
4657,1,1,1.0
4658,1,1,1.0
4659,1,0,0.0
4660,1,0,0.0
4661,1,0,0.0
4662,1,0,0.0
4663,1,2,2.0
4664,1,0,0.0
4665,1,0,0.0
4666,1,0,0.0
4667,1,0,0.0
4668,1,0,0.0
4669,1,0,0.0
4670,1,0,0.0
4671,1,0,0.0
4672,1,0,0.0
4673,1,0,0.0
4674,1,0,0.0
4675,1,0,0.0
4676,1,0,0.0
4677,1,0,0.0
4678,1,0,0.0
4679,1,0,0.0
4680,1,0,0.0
4681,1,0,0.0
4682,1,0,0.0
4683,1,0,0.0
4684,1,0,0.0
4685,1,0,0.0
4686,1,0,0.0
4687,1,0,0.0
4688,1,1,1.0
4689,1,0,0.0
4690,1,1,1.0
4691,1,0,0.0
4692,1,0,0.0
4693,1,0,0.0
4694,1,0,0.0
4695,1,0,0.0
4696,1,0,0.0
4697,1,0,0.0
4698,1,0,0.0
4699,1,0,0.0
4700,1,0,0.0
4701,1,0,0.0
4702,1,0,0.0
4703,1,1,1.0
4704,1,0,0.0
4705,1,0,0.0
4706,1,0,0.0
4707,1,0,0.0
4708,1,0,0.0
4709,1,0,0.0
4710,1,0,0.0
4711,1,0,0.0
4712,1,0,0.0
4713,1,0,0.0
4714,1,0,0.0
4715,1,0,0.0
4716,1,1,1.0
4717,1,1,1.0
4718,1,0,0.0
4719,1,0,0.0
4720,1,0,0.0
4721,1,0,0.0
4722,1,0,0.0
4723,1,0,0.0
4724,1,0,0.0
4725,1,0,0.0
4726,1,0,0.0
4727,1,0,0.0
4728,1,0,0.0
4729,1,0,0.0
4730,1,0,0.0
4731,1,1,1.0
4732,1,0,0.0
4733,1,0,0.0
4734,1,0,0.0
4735,1,0,0.0
4736,1,1,1.0
4737,1,0,0.0
4738,1,0,0.0
4739,1,1,1.0
4740,1,0,0.0
4741,1,0,0.0
4742,1,2,2.0
4743,1,0,0.0
4744,1,0,0.0
4745,1,0,0.0
4746,1,0,0.0
4747,1,1,1.0
4748,1,0,0.0
4749,1,0,0.0
4750,1,0,0.0
4751,1,0,0.0
4752,1,1,1.0
4753,1,0,0.0
4754,1,0,0.0
4755,1,1,1.0
4756,1,0,0.0
4757,1,0,0.0
4758,1,0,0.0
4759,1,0,0.0
4760,1,0,0.0
4761,1,0,0.0
4762,1,0,0.0
4763,1,0,0.0
4764,1,0,0.0
4765,1,0,0.0
4766,1,0,0.0
4767,1,1,1.0
4768,1,0,0.0
4769,1,0,0.0
4770,1,0,0.0
4771,1,0,0.0
4772,1,1,1.0
4773,1,0,0.0
4774,1,0,0.0
4775,1,0,0.0
4776,1,0,0.0
4777,1,0,0.0
4778,1,0,0.0
4779,1,0,0.0
4780,1,0,0.0
4781,1,0,0.0
4782,1,0,0.0
4783,1,0,0.0
4784,1,0,0.0
4785,1,1,1.0
4786,1,0,0.0
4787,1,0,0.0
4788,1,0,0.0
4789,1,1,1.0
4790,1,1,1.0
4791,1,0,0.0
4792,1,0,0.0
4793,1,0,0.0
4794,1,0,0.0
4795,1,0,0.0
4796,1,0,0.0
4797,1,0,0.0
4798,1,0,0.0
4799,1,1,1.0
4800,1,0,0.0
4801,1,0,0.0
4802,1,0,0.0
4803,1,0,0.0
4804,1,0,0.0
4805,1,0,0.0
4806,1,0,0.0
4807,1,0,0.0
4808,1,0,0.0
4809,1,0,0.0
4810,1,0,0.0
4811,1,1,1.0
4812,1,0,0.0
4813,1,0,0.0
4814,1,0,0.0
4815,1,0,0.0
4816,1,0,0.0
4817,1,0,0.0
4818,1,0,0.0
4819,1,0,0.0
4820,1,0,0.0
4821,1,0,0.0
4822,1,0,0.0
4823,1,0,0.0
4824,1,0,0.0
4825,1,0,0.0
4826,1,0,0.0
4827,1,0,0.0
4828,1,0,0.0
4829,1,0,0.0
4830,1,0,0.0
4831,1,0,0.0
4832,1,1,1.0
4833,1,0,0.0
4834,1,0,0.0
4835,1,0,0.0
4836,1,0,0.0
4837,1,0,0.0
4838,1,1,1.0
4839,1,0,0.0
4840,1,0,0.0
4841,1,0,0.0
4842,1,0,0.0
4843,1,0,0.0
4844,1,0,0.0
4845,1,0,0.0
4846,1,0,0.0
4847,1,0,0.0
4848,1,0,0.0
4849,1,0,0.0
4850,1,0,0.0
4851,1,0,0.0
4852,1,0,0.0
4853,1,0,0.0
4854,1,0,0.0
4855,1,0,0.0
4856,1,0,0.0
4857,1,0,0.0
4858,1,0,0.0
4859,1,0,0.0
4860,1,0,0.0
4861,1,0,0.0
4862,1,0,0.0
4863,1,1,1.0
4864,1,1,1.0
4865,1,0,0.0
4866,1,0,0.0
4867,1,1,1.0
4868,1,0,0.0
4869,1,0,0.0
4870,1,0,0.0
4871,1,0,0.0
4872,1,1,1.0
4873,1,0,0.0
4874,1,0,0.0
4875,1,0,0.0
4876,1,0,0.0
4877,1,0,0.0
4878,1,0,0.0
4879,1,0,0.0
4880,1,0,0.0
4881,1,0,0.0
4882,1,0,0.0
4883,1,0,0.0
4884,1,0,0.0
4885,1,0,0.0
4886,1,0,0.0
4887,1,0,0.0
4888,1,0,0.0
4889,1,0,0.0
4890,1,0,0.0
4891,1,0,0.0
4892,1,0,0.0
4893,1,0,0.0
4894,1,0,0.0
4895,1,0,0.0
4896,1,1,1.0
4897,1,0,0.0
4898,1,0,0.0
4899,1,0,0.0
4900,1,0,0.0
4901,1,0,0.0
4902,1,0,0.0
4903,1,0,0.0
4904,1,1,1.0
4905,1,0,0.0
4906,1,0,0.0
4907,1,0,0.0
4908,1,0,0.0
4909,1,0,0.0
4910,1,0,0.0
4911,1,1,1.0
4912,1,0,0.0
4913,1,0,0.0
4914,1,0,0.0
4915,1,0,0.0
4916,1,0,0.0
4917,1,0,0.0
4918,1,0,0.0
4919,1,0,0.0
4920,1,0,0.0
4921,1,0,0.0
4922,1,0,0.0
4923,1,0,0.0
4924,1,0,0.0
4925,1,0,0.0
4926,1,0,0.0
4927,1,1,1.0
4928,1,0,0.0
4929,1,0,0.0
4930,1,0,0.0
4931,1,0,0.0
4932,1,0,0.0
4933,1,0,0.0
4934,1,0,0.0
4935,1,0,0.0
4936,1,0,0.0
4937,1,0,0.0
4938,1,0,0.0
4939,1,0,0.0
4940,1,0,0.0
4941,1,0,0.0
4942,1,0,0.0
4943,1,1,1.0
4944,1,0,0.0
4945,1,1,1.0
4946,1,0,0.0
4947,1,0,0.0
4948,1,0,0.0
4949,1,0,0.0
4950,1,0,0.0
4951,1,1,1.0
4952,1,0,0.0
4953,1,0,0.0
4954,1,0,0.0
4955,1,0,0.0
4956,1,1,1.0
4957,1,0,0.0
4958,1,0,0.0
4959,1,1,1.0
4960,1,0,0.0
4961,1,0,0.0
4962,1,0,0.0
4963,1,0,0.0
4964,1,0,0.0
4965,1,0,0.0
4966,1,0,0.0
4967,1,0,0.0
4968,1,0,0.0
4969,1,0,0.0
4970,1,0,0.0
4971,1,0,0.0
4972,1,0,0.0
4973,1,0,0.0
4974,1,0,0.0
4975,1,0,0.0
4976,1,0,0.0
4977,1,0,0.0
4978,1,0,0.0
4979,1,0,0.0
4980,1,0,0.0
4981,1,0,0.0
4982,1,0,0.0
4983,1,1,1.0
4984,1,0,0.0
4985,1,0,0.0
4986,1,0,0.0
4987,1,0,0.0
4988,1,0,0.0
4989,1,0,0.0
4990,1,0,0.0
4991,1,0,0.0
4992,1,1,1.0
4993,1,0,0.0
4994,1,0,0.0
4995,1,0,0.0
4996,1,0,0.0
4997,1,0,0.0
4998,1,0,0.0
4999,1,0,0.0
5000,1,0,0.0
5001,1,1,1.0
5002,1,1,1.0
5003,1,0,0.0
5004,1,0,0.0
5005,1,0,0.0
5006,1,1,1.0
5007,1,0,0.0
5008,1,0,0.0
5009,1,0,0.0
5010,1,0,0.0
5011,1,0,0.0
5012,1,0,0.0
5013,1,0,0.0
5014,1,0,0.0
5015,1,0,0.0
5016,1,0,0.0
5017,1,0,0.0
5018,1,0,0.0
5019,1,0,0.0
5020,1,0,0.0
5021,1,0,0.0
5022,1,0,0.0
5023,1,0,0.0
5024,1,0,0.0
5025,1,0,0.0
5026,1,0,0.0
5027,1,0,0.0
5028,1,0,0.0
5029,1,0,0.0
5030,1,0,0.0
5031,1,0,0.0
5032,1,0,0.0
5033,1,0,0.0
5034,1,1,1.0
5035,1,1,1.0
5036,1,0,0.0
5037,1,0,0.0
5038,1,0,0.0
5039,1,0,0.0
5040,1,0,0.0
5041,1,0,0.0
5042,1,0,0.0
5043,1,1,1.0
5044,1,0,0.0
5045,1,0,0.0
5046,1,0,0.0
5047,1,0,0.0
5048,1,0,0.0
5049,1,1,1.0
5050,1,0,0.0
5051,1,0,0.0
5052,1,0,0.0
5053,1,1,1.0
5054,1,0,0.0
5055,1,0,0.0
5056,1,0,0.0
5057,1,0,0.0
5058,1,0,0.0
5059,1,0,0.0
5060,1,0,0.0
5061,1,1,1.0
5062,1,0,0.0
5063,1,0,0.0
5064,1,0,0.0
5065,1,0,0.0
5066,1,1,1.0
5067,1,0,0.0
5068,1,0,0.0
5069,1,0,0.0
5070,1,0,0.0
5071,1,0,0.0
5072,1,0,0.0
5073,1,0,0.0
5074,1,0,0.0
5075,1,0,0.0
5076,1,0,0.0
5077,1,0,0.0
5078,1,1,1.0
5079,1,0,0.0
5080,1,0,0.0
5081,1,0,0.0
5082,1,0,0.0
5083,1,0,0.0
5084,1,0,0.0
5085,1,0,0.0
5086,1,1,1.0
5087,1,0,0.0
5088,1,0,0.0
5089,1,0,0.0
5090,1,0,0.0
5091,1,1,1.0
5092,1,1,1.0
5093,1,0,0.0
5094,1,0,0.0
5095,1,0,0.0
5096,1,0,0.0
5097,1,0,0.0
5098,1,0,0.0
5099,1,0,0.0
5100,1,0,0.0
5101,1,0,0.0
5102,1,0,0.0
5103,1,0,0.0
5104,1,0,0.0
5105,1,0,0.0
5106,1,0,0.0
5107,1,0,0.0
5108,1,0,0.0
5109,1,0,0.0
5110,1,1,1.0
5111,1,0,0.0
5112,1,0,0.0
5113,1,0,0.0
5114,1,0,0.0
5115,1,0,0.0
5116,1,1,1.0
5117,1,0,0.0
5118,1,0,0.0
5119,1,0,0.0
5120,1,0,0.0
5121,1,0,0.0
5122,1,0,0.0
5123,1,0,0.0
5124,1,0,0.0
5125,1,0,0.0
5126,1,0,0.0
5127,1,0,0.0
5128,1,0,0.0
5129,1,0,0.0
5130,1,0,0.0
5131,1,0,0.0
5132,1,0,0.0
5133,1,0,0.0
5134,1,0,0.0
5135,1,1,1.0
5136,1,0,0.0
5137,1,1,1.0
5138,1,0,0.0
5139,1,0,0.0
5140,1,0,0.0
5141,1,0,0.0
5142,1,0,0.0
5143,1,0,0.0
5144,1,0,0.0
5145,1,0,0.0
5146,1,1,1.0
5147,1,0,0.0
5148,1,0,0.0
5149,1,0,0.0
5150,1,1,1.0
5151,1,0,0.0
5152,1,0,0.0
5153,1,0,0.0
5154,1,0,0.0
5155,1,0,0.0
5156,1,0,0.0
5157,1,1,1.0
5158,1,0,0.0
5159,1,0,0.0
5160,1,0,0.0
5161,1,0,0.0
5162,1,0,0.0
5163,1,0,0.0
5164,1,0,0.0
5165,1,0,0.0
5166,1,0,0.0
5167,1,0,0.0
5168,1,0,0.0
5169,1,0,0.0
5170,1,0,0.0
5171,1,0,0.0
5172,1,0,0.0
5173,1,0,0.0
5174,1,0,0.0
5175,1,1,1.0
5176,1,0,0.0
5177,1,0,0.0
5178,1,0,0.0
5179,1,0,0.0
5180,1,0,0.0
5181,1,1,1.0
5182,1,0,0.0
5183,1,0,0.0
5184,1,0,0.0
5185,1,0,0.0
5186,1,0,0.0
5187,1,0,0.0
5188,1,0,0.0
5189,1,0,0.0
5190,1,0,0.0
5191,1,0,0.0
5192,1,0,0.0
5193,1,0,0.0
5194,1,0,0.0
5195,1,0,0.0
5196,1,0,0.0
5197,1,0,0.0
5198,1,0,0.0
5199,1,0,0.0
5200,1,0,0.0
5201,1,1,1.0
5202,1,0,0.0
5203,1,0,0.0
5204,1,0,0.0
5205,1,0,0.0
5206,1,0,0.0
5207,1,0,0.0
5208,1,0,0.0
5209,1,0,0.0
5210,1,0,0.0
5211,1,0,0.0
5212,1,0,0.0
5213,1,0,0.0
5214,1,0,0.0
5215,1,0,0.0
5216,1,0,0.0
5217,1,0,0.0
5218,1,0,0.0
5219,1,0,0.0
5220,1,0,0.0
5221,1,0,0.0
5222,1,0,0.0
5223,1,0,0.0
5224,1,1,1.0
5225,1,1,1.0
5226,1,1,1.0
5227,1,0,0.0
5228,1,0,0.0
5229,1,0,0.0
5230,1,0,0.0
5231,1,0,0.0
5232,1,0,0.0
5233,1,1,1.0
5234,1,0,0.0
5235,1,0,0.0
5236,1,0,0.0
5237,1,0,0.0
5238,1,0,0.0
5239,1,0,0.0
5240,1,0,0.0
5241,1,0,0.0
5242,1,0,0.0
5243,1,0,0.0
5244,1,0,0.0
5245,1,0,0.0
5246,1,0,0.0
5247,1,0,0.0
5248,1,0,0.0
5249,1,1,1.0
5250,1,0,0.0
5251,1,1,1.0
5252,1,0,0.0
5253,1,0,0.0
5254,1,0,0.0
5255,1,0,0.0
5256,1,0,0.0
5257,1,0,0.0
5258,1,0,0.0
5259,1,0,0.0
5260,1,0,0.0
5261,1,0,0.0
5262,1,1,1.0
5263,1,0,0.0
5264,1,1,1.0
5265,1,0,0.0
5266,1,0,0.0
5267,1,0,0.0
5268,1,0,0.0
5269,1,0,0.0
5270,1,0,0.0
5271,1,0,0.0
5272,1,0,0.0
5273,1,0,0.0
5274,1,0,0.0
5275,1,0,0.0
5276,1,1,1.0
5277,1,0,0.0
5278,1,0,0.0
5279,1,0,0.0
5280,1,0,0.0
5281,1,0,0.0
5282,1,1,1.0
5283,1,0,0.0
5284,1,0,0.0
5285,1,0,0.0
5286,1,0,0.0
5287,1,0,0.0
5288,1,0,0.0
5289,1,0,0.0
5290,1,1,1.0
5291,1,0,0.0
5292,1,0,0.0
5293,1,0,0.0
5294,1,0,0.0
5295,1,0,0.0
5296,1,0,0.0
5297,1,0,0.0
5298,1,0,0.0
5299,1,0,0.0
5300,1,0,0.0
5301,1,0,0.0
5302,1,0,0.0
5303,1,0,0.0
5304,1,0,0.0
5305,1,0,0.0
5306,1,0,0.0
5307,1,0,0.0
5308,1,0,0.0
5309,1,0,0.0
5310,1,0,0.0
5311,1,0,0.0
5312,1,0,0.0
5313,1,0,0.0
5314,1,0,0.0
5315,1,0,0.0
5316,1,0,0.0
5317,1,0,0.0
5318,1,0,0.0
5319,1,0,0.0
5320,1,0,0.0
5321,1,0,0.0
5322,1,0,0.0
5323,1,0,0.0
5324,1,0,0.0
5325,1,0,0.0
5326,1,0,0.0
5327,1,1,1.0
5328,1,0,0.0
5329,1,0,0.0
5330,1,1,1.0
5331,1,0,0.0
5332,1,0,0.0
5333,1,0,0.0
5334,1,0,0.0
5335,1,0,0.0
5336,1,0,0.0
5337,1,0,0.0
5338,1,0,0.0
5339,1,0,0.0
5340,1,0,0.0
5341,1,0,0.0
5342,1,1,1.0
5343,1,1,1.0
5344,1,0,0.0
5345,1,0,0.0
5346,1,0,0.0
5347,1,0,0.0
5348,1,0,0.0
5349,1,0,0.0
5350,1,0,0.0
5351,1,0,0.0
5352,1,1,1.0
5353,1,0,0.0
5354,1,0,0.0
5355,1,0,0.0
5356,1,0,0.0
5357,1,0,0.0
5358,1,1,1.0
5359,1,0,0.0
5360,1,1,1.0
5361,1,1,1.0
5362,1,0,0.0
5363,1,0,0.0
5364,1,0,0.0
5365,1,0,0.0
5366,1,0,0.0
5367,1,0,0.0
5368,1,0,0.0
5369,1,0,0.0
5370,1,0,0.0
5371,1,0,0.0
5372,1,0,0.0
5373,1,0,0.0
5374,1,0,0.0
5375,1,0,0.0
5376,1,0,0.0
5377,1,0,0.0
5378,1,0,0.0
5379,1,0,0.0
5380,1,0,0.0
5381,1,0,0.0
5382,1,0,0.0
5383,1,0,0.0
5384,1,0,0.0
5385,1,0,0.0
5386,1,0,0.0
5387,1,0,0.0
5388,1,0,0.0
5389,1,0,0.0
5390,1,0,0.0
5391,1,1,1.0
5392,1,0,0.0
5393,1,0,0.0
5394,1,0,0.0
5395,1,0,0.0
5396,1,0,0.0
5397,1,0,0.0
5398,1,0,0.0
5399,1,0,0.0
5400,1,0,0.0
5401,1,0,0.0
5402,1,0,0.0
5403,1,0,0.0
5404,1,0,0.0
5405,1,0,0.0
5406,1,0,0.0
5407,1,0,0.0
5408,1,0,0.0
5409,1,0,0.0
5410,1,0,0.0
5411,1,0,0.0
5412,1,0,0.0
5413,1,0,0.0
5414,1,0,0.0
5415,1,0,0.0
5416,1,0,0.0
5417,1,0,0.0
5418,1,0,0.0
5419,1,0,0.0
5420,1,1,1.0
5421,1,0,0.0
5422,1,0,0.0
5423,1,1,1.0
5424,1,0,0.0
5425,1,0,0.0
5426,1,0,0.0
5427,1,0,0.0
5428,1,1,1.0
5429,1,1,1.0
5430,1,1,1.0
5431,1,0,0.0
5432,1,0,0.0
5433,1,0,0.0
5434,1,0,0.0
5435,1,0,0.0
5436,1,0,0.0
5437,1,0,0.0
5438,1,0,0.0
5439,1,0,0.0
5440,1,0,0.0
5441,1,0,0.0
5442,1,0,0.0
5443,1,0,0.0
5444,1,0,0.0
5445,1,1,1.0
5446,1,0,0.0
5447,1,0,0.0
5448,1,0,0.0
5449,1,0,0.0
5450,1,0,0.0
5451,1,0,0.0
5452,1,0,0.0
5453,1,1,1.0
5454,1,0,0.0
5455,1,0,0.0
5456,1,0,0.0
5457,1,0,0.0
5458,1,0,0.0
5459,1,1,1.0
5460,1,1,1.0
5461,1,0,0.0
5462,1,0,0.0
5463,1,0,0.0
5464,1,0,0.0
5465,1,0,0.0
5466,1,1,1.0
5467,1,1,1.0
5468,1,0,0.0
5469,1,0,0.0
5470,1,0,0.0
5471,1,0,0.0
5472,1,0,0.0
5473,1,0,0.0
5474,1,0,0.0
5475,1,0,0.0
5476,1,0,0.0
5477,1,0,0.0
5478,1,1,1.0
5479,1,0,0.0
5480,1,0,0.0
5481,1,0,0.0
5482,1,0,0.0
5483,1,0,0.0
5484,1,0,0.0
5485,1,0,0.0
5486,1,0,0.0
5487,1,0,0.0
5488,1,0,0.0
5489,1,0,0.0
5490,1,0,0.0
5491,1,1,1.0
5492,1,0,0.0
5493,1,0,0.0
5494,1,0,0.0
5495,1,0,0.0
5496,1,0,0.0
5497,1,0,0.0
5498,1,0,0.0
5499,1,1,1.0
5500,1,1,1.0
5501,1,0,0.0
5502,1,1,1.0
5503,1,0,0.0
5504,1,0,0.0
5505,1,0,0.0
5506,1,0,0.0
5507,1,0,0.0
5508,1,0,0.0
5509,1,0,0.0
5510,1,1,1.0
5511,1,0,0.0
5512,1,0,0.0
5513,1,0,0.0
5514,1,0,0.0
5515,1,0,0.0
5516,1,0,0.0
5517,1,0,0.0
5518,1,0,0.0
5519,1,0,0.0
5520,1,0,0.0
5521,1,0,0.0
5522,1,0,0.0
5523,1,0,0.0
5524,1,0,0.0
5525,1,0,0.0
5526,1,0,0.0
5527,1,0,0.0
5528,1,0,0.0
5529,1,0,0.0
5530,1,0,0.0
5531,1,0,0.0
5532,1,1,1.0
5533,1,0,0.0
5534,1,1,1.0
5535,1,0,0.0
5536,1,0,0.0
5537,1,0,0.0
5538,1,0,0.0
5539,1,0,0.0
5540,1,0,0.0
5541,1,0,0.0
5542,1,0,0.0
5543,1,1,1.0
5544,1,1,1.0
5545,1,0,0.0
5546,1,0,0.0
5547,1,0,0.0
5548,1,0,0.0
5549,1,0,0.0
5550,1,1,1.0
5551,1,0,0.0
5552,1,0,0.0
5553,1,0,0.0
5554,1,0,0.0
5555,1,0,0.0
5556,1,0,0.0
5557,1,0,0.0
5558,1,0,0.0
5559,1,0,0.0
5560,1,0,0.0
5561,1,0,0.0
5562,1,0,0.0
5563,1,0,0.0
5564,1,0,0.0
5565,1,1,1.0
5566,1,0,0.0
5567,1,0,0.0
5568,1,1,1.0
5569,1,0,0.0
5570,1,0,0.0
5571,1,1,1.0
5572,1,1,1.0
5573,1,0,0.0
5574,1,0,0.0
5575,1,0,0.0
5576,1,0,0.0
5577,1,0,0.0
5578,1,1,1.0
5579,1,0,0.0
5580,1,2,2.0
5581,1,0,0.0
5582,1,0,0.0
5583,1,1,1.0
5584,1,0,0.0
5585,1,0,0.0
5586,1,0,0.0
5587,1,0,0.0
5588,1,0,0.0
5589,1,0,0.0
5590,1,0,0.0
5591,1,0,0.0
5592,1,0,0.0
5593,1,0,0.0
5594,1,0,0.0
5595,1,0,0.0
5596,1,0,0.0
5597,1,1,1.0
5598,1,0,0.0
5599,1,1,1.0
5600,1,0,0.0
5601,1,0,0.0
5602,1,0,0.0
5603,1,0,0.0
5604,1,0,0.0
5605,1,0,0.0
5606,1,0,0.0
5607,1,0,0.0
5608,1,0,0.0
5609,1,0,0.0
5610,1,0,0.0
5611,1,0,0.0
5612,1,0,0.0
5613,1,0,0.0
5614,1,0,0.0
5615,1,0,0.0
5616,1,0,0.0
5617,1,0,0.0
5618,1,0,0.0
5619,1,0,0.0
5620,1,0,0.0
5621,1,0,0.0
5622,1,0,0.0
5623,1,0,0.0
5624,1,0,0.0
5625,1,0,0.0
5626,1,0,0.0
5627,1,1,1.0
5628,1,0,0.0
5629,1,0,0.0
5630,1,0,0.0
5631,1,0,0.0
5632,1,0,0.0
5633,1,0,0.0
5634,1,0,0.0
5635,1,0,0.0
5636,1,0,0.0
5637,1,0,0.0
5638,1,0,0.0
5639,1,0,0.0
5640,1,0,0.0
5641,1,0,0.0
5642,1,0,0.0
5643,1,0,0.0
5644,1,0,0.0
5645,1,0,0.0
5646,1,1,1.0
5647,1,0,0.0
5648,1,0,0.0
5649,1,0,0.0
5650,1,0,0.0
5651,1,0,0.0
5652,1,0,0.0
5653,1,0,0.0
5654,1,0,0.0
5655,1,0,0.0
5656,1,0,0.0
5657,1,0,0.0
5658,1,0,0.0
5659,1,0,0.0
5660,1,0,0.0
5661,1,0,0.0
5662,1,0,0.0
5663,1,0,0.0
5664,1,0,0.0
5665,1,0,0.0
5666,1,0,0.0
5667,1,0,0.0
5668,1,0,0.0
5669,1,0,0.0
5670,1,0,0.0
5671,1,0,0.0
5672,1,0,0.0
5673,1,0,0.0
5674,1,0,0.0
5675,1,0,0.0
5676,1,0,0.0
5677,1,0,0.0
5678,1,0,0.0
5679,1,0,0.0
5680,1,0,0.0
5681,1,0,0.0
5682,1,0,0.0
5683,1,0,0.0
5684,1,1,1.0
5685,1,0,0.0
5686,1,0,0.0
5687,1,0,0.0
5688,1,0,0.0
5689,1,0,0.0
5690,1,1,1.0
5691,1,1,1.0
5692,1,0,0.0
5693,1,0,0.0
5694,1,0,0.0
5695,1,0,0.0
5696,1,0,0.0
5697,1,0,0.0
5698,1,0,0.0
5699,1,0,0.0
5700,1,0,0.0
5701,1,0,0.0
5702,1,1,1.0
5703,1,0,0.0
5704,1,0,0.0
5705,1,0,0.0
5706,1,0,0.0
5707,1,0,0.0
5708,1,0,0.0
5709,1,0,0.0
5710,1,0,0.0
5711,1,0,0.0
5712,1,0,0.0
5713,1,0,0.0
5714,1,0,0.0
5715,1,0,0.0
5716,1,0,0.0
5717,1,0,0.0
5718,1,0,0.0
5719,1,0,0.0
5720,1,0,0.0
5721,1,0,0.0
5722,1,0,0.0
5723,1,0,0.0
5724,1,0,0.0
5725,1,0,0.0
5726,1,0,0.0
5727,1,0,0.0
5728,1,0,0.0
5729,1,0,0.0
5730,1,0,0.0
5731,1,0,0.0
5732,1,0,0.0
5733,1,0,0.0
5734,1,0,0.0
5735,1,0,0.0
5736,1,0,0.0
5737,1,0,0.0
5738,1,0,0.0
5739,1,0,0.0
5740,1,0,0.0
5741,1,0,0.0
5742,1,0,0.0
5743,1,0,0.0
5744,1,0,0.0
5745,1,0,0.0
5746,1,0,0.0
5747,1,0,0.0
5748,1,0,0.0
5749,1,1,1.0
5750,1,0,0.0
5751,1,0,0.0
5752,1,0,0.0
